"Alamat","Nama Tempat","Rating","Review","Items","W4Efsd 2","W4Efsd 3","W4Efsd 4","W4Efsd 5","W4Efsd 6","UsdlK","lcr4fd href","Cw1rxd","R8c4Qb","Cw1rxd 2","R8c4Qb 2","Jn12ke src","ah5Ghc","e4rVHe"
"https://www.google.com/maps/place/Thinkplus+Psikologi+-+Kalimantan/data=!4m7!3m6!1s0x2df14794f1433129:0xa77ee0c556222a3f!8m2!3d-1.2233943!4d116.8830289!16s%2Fg%2F11g2_2k4sf!19sChIJKTFD8ZRH8S0RPyoiVsXgfqc?authuser=0&hl=id&rclk=1","Thinkplus Psikologi - Kalimantan","4,9","(284)","Psikolog","·","Jl. Sepinggan Pratama No.6 Blok D1","Buka","· Tutup pukul 17.00","·","0853-4625-5395","http://thinkpluspsikologi.com/","","Situs Web","","Rute","https://ssl.gstatic.com/local/servicebusiness/default_user.png","""Pelayanan bagus, staf ramah, mudah dalam menjelaskan, tempat nyaman 👍""",""
"https://www.google.com/maps/place/Praktek+Psikolog+Indonesia+Balikpapan/data=!4m7!3m6!1s0x2df1475efe21777b:0xa0f290c1a3242949!8m2!3d-1.276864!4d116.841226!16s%2Fg%2F11tcx89krz!19sChIJe3ch_l5H8S0RSSkko8GQ8qA?authuser=0&hl=id&rclk=1","Praktek Psikolog Indonesia Balikpapan","5,0","(6)","Psikolog","·","Atwork Co-Working Space, Jl. Jenderal Sudirman No.43, RT.07","Buka","· Tutup pukul 20.00","·","0812-1345-8601","https://praktekpsikolog.com/","","Situs Web","","Rute","","",""
"https://www.google.com/maps/place/Klinik+Hipnoterapi+Keluarga+Resmi+KemenKes+RI+%26+MC+Profesional+dari+BNSP+RI+Terbaik+di+Balikpapan/data=!4m7!3m6!1s0x2df1475eae00f867:0x13890a4a26303280!8m2!3d-1.2618063!4d116.8622361!16s%2Fg%2F11rxzhny70!19sChIJZ_gArl5H8S0RgDIwJkoKiRM?authuser=0&hl=id&rclk=1","Klinik Hipnoterapi Keluarga Resmi KemenKes RI & MC Profesional dari BNSP RI Terbaik di Balikpapan","5,0","(70)","Layanan Hipnoterapi","·","·","Buka 24 jam","","Bahagia, Jl. Flamboyan No.11 D, RT.11","0812-2221-2479","https://hipnoterapi-balikpapan.com/","","Situs Web","","Rute","https://ssl.gstatic.com/local/servicebusiness/default_user.png","""Semua perubahan berawal dari sini terimakasih Familly Hypnotherapy""",""
"https://www.google.com/maps/place/KLINIK+PSIKOLOGI+DAN+KESEHATAN+SIM/data=!4m7!3m6!1s0x2df147002e5d036f:0xceb48fc80a62e6c5!8m2!3d-1.277409!4d116.834791!16s%2Fg%2F11z6gkgcwt!19sChIJbwNdLgBH8S0RxeZiCsiPtM4?authuser=0&hl=id&rclk=1","KLINIK PSIKOLOGI DAN KESEHATAN SIM","4,0","(1)","Klinik Medis","·","PRFM+3W6, Jl. Jenderal Sudirman, Ruko Bandar","","","","","","","Rute","","","https://ssl.gstatic.com/local/servicebusiness/default_user.png","""Namun jika tidak ada bisa dibantu copy di sini.""",""
"https://www.google.com/maps/place/Praktek+Psikolog+%28Konsultasi+Psikologi%29+psikotes,+Konseling,+tes+kepribadian,+dll/data=!4m7!3m6!1s0x2de43d77603f016f:0x1afd2e0df115b7df!8m2!3d-3.2333103!4d114.6136287!16s%2Fg%2F11k7w3xs26!19sChIJbwE_YHc95C0R37cV8Q0u_Ro?authuser=0&hl=id&rclk=1","Praktek Psikolog (Konsultasi Psikologi) psikotes, Konseling, tes kepribadian, dll","4,3","(16)","Psikolog","·","Blok C No.86","Buka","· Tutup pukul 20.00","·","0853-4711-1747","","","Rute","","","https://ssl.gstatic.com/local/servicebusiness/default_user.png","""Pelayanan bagus,dab ramah,rekomedasi bangat""",""
"https://www.google.com/maps/place/Yayasan+Psikolog+Cahaya+Bunda+Balikpapan/data=!4m7!3m6!1s0x2df146e46d1cd7a1:0xb1854140a712d81f!8m2!3d-1.277655!4d116.8349238!16s%2Fg%2F1hm69x7q0!19sChIJodccbeRG8S0RH9gSp0BBhbE?authuser=0&hl=id&rclk=1","Yayasan Psikolog Cahaya Bunda Balikpapan","4,9","(62)","Klinik Kesehatan Mental","·","Jl. Jenderal Sudirman, Ruko Bandar No.Blok B14","Tutup","· Buka Sen pukul 08.00","·","0812-4107-2185","http://cahayabundabalikpapan.blogspot.com/","","Situs Web","","Rute","https://ssl.gstatic.com/local/servicebusiness/default_user.png","""Alhamdulillah setelah terapi disini, anak saya mengalami kemajuan.""",""
"https://www.google.com/maps/place/Konsultan+Psikologi:+SYNERGY+CONSULTANT+INDONESIA+%28SCI%29/data=!4m7!3m6!1s0x2de68111b81368e1:0x68a7bd4c075aff19!8m2!3d-3.4552415!4d114.844624!16s%2Fg%2F11f5q80bb_!19sChIJ4WgTuBGB5i0RGf9aB0y9p2g?authuser=0&hl=id&rclk=1","Konsultan Psikologi: SYNERGY CONSULTANT INDONESIA (SCI)","4,9","(24)","Psikolog","·","·","Buka","· Tutup pukul 21.00","bengkel wira, Banjarbaru: Komplek Cahaya Ratu Elok Jl. Sanggiringan.52 Banjarmasin: Komplek Green Residence.39 Jl. Banjar Indah Jalan A. Yani KM 5,7 Kotabaru:, Jl. Raya stagen No.km.7","0813-5113-9523","","","Rute","","","https://ssl.gstatic.com/local/servicebusiness/default_user.png","""Boleh minta no WA yg bisa dihubungi""",""
"https://www.google.com/maps/place/Klinik+Psikologi+KAPITA/data=!4m7!3m6!1s0x2de426b700000001:0x3301aed3c8bc2f29!8m2!3d-3.3245651!4d114.6244532!16s%2Fg%2F11qplz3p63!19sChIJAQAAALcm5C0RKS-8yNOuATM?authuser=0&hl=id&rclk=1","Klinik Psikologi KAPITA","4,5","(17)","Psikolog","·","Klinik Millennnia, Jl. Pramuka No.34 Lt.2","Tutup","· Buka Sen pukul 09.00","·","0877-1757-2872","https://www.instagram.com/kapitapsikobjm","","Situs Web","","Rute","https://ssl.gstatic.com/local/servicebusiness/default_user.png","""Belum ada cctv yang bisa dipake untuk mengawasi anak didalam kelas.""",""
"https://www.google.com/maps/place/Praktek+Psikolog/data=!4m7!3m6!1s0x2de539c5523d2837:0xf9ccf5ef365453b3!8m2!3d-2.4059849!4d115.2458742!16s%2Fg%2F11q8g_4_h6!19sChIJNyg9UsU55S0Rs1NUNu_1zPk?authuser=0&hl=id&rclk=1","Praktek Psikolog","5,0","(7)","Psikolog","·","Jl. Kebayuran","Buka","· Tutup pukul 17.00","","","","","Rute","","","https://ssl.gstatic.com/local/servicebusiness/default_user.png","""Ada nomor telpon yang bisa dihubungi buat mengatur jadwal??""",""
"https://www.google.com/maps/place/Konsultan+Psikolog+Ceria/data=!4m7!3m6!1s0x2de4218078be5de7:0x1d2d380e0868f81e!8m2!3d-3.3624174!4d114.5999621!16s%2Fg%2F11g1g1s8p3!19sChIJ512-eIAh5C0RHvhoCA44LR0?authuser=0&hl=id&rclk=1","Konsultan Psikolog Ceria","5,0","(21)","Psikolog","·","Jl. Raya Mandiri Jalur I-A","Buka","· Tutup pukul 17.00","·","0877-8062-0890","","","Rute","","","https://ssl.gstatic.com/local/servicebusiness/default_user.png","""Psikolognyaa ramah banget dan tempatnya bagus""",""
"https://www.google.com/maps/place/Praktik+Psikolog+Klinis+Nizamuddin+Kamil+Biro+Mind+Harmony+Banjarmasin/data=!4m7!3m6!1s0x2de421bb50b0a5cb:0x96484f22e263b616!8m2!3d-3.3437459!4d114.6105427!16s%2Fg%2F11xtmtx887!19sChIJy6WwULsh5C0RFrZj4iJPSJY?authuser=0&hl=id&rclk=1","Praktik Psikolog Klinis Nizamuddin Kamil Biro Mind Harmony Banjarmasin","5,0","(141)","Psikolog","·","Jl. Prona 1, Komp. Bumi Raya Permai II Jl. Ray 2 No.43","","","","0897-1170-559","https://mindharmonyindonesia.com/","","Situs Web","","Rute","https://ssl.gstatic.com/local/servicebusiness/default_user.png","""jarak rumah dgn",""
"https://www.google.com/maps/place/Ego+Psychology+%26+Educational+Services/data=!4m7!3m6!1s0x2de681a7cefa5187:0xac49c8e4809e50fd!8m2!3d-3.4379576!4d114.8530472!16s%2Fg%2F11h6t9899w!19sChIJh1H6zqeB5i0R_VCegOTISaw?authuser=0&hl=id&rclk=1","Ego Psychology & Educational Services","5,0","(71)","Psikolog","·","Jl. Batas Kota","Tutup","· Buka Sen pukul 08.00","·","0858-2827-4627","http://egopsychology.id/","","Situs Web","","Rute","https://ssl.gstatic.com/local/servicebusiness/default_user.png","""Pelayanan ramah, tempat nyaman, anak anak happy

Thank you""",""
"https://www.google.com/maps/place/Praktek+Psikologi/data=!4m7!3m6!1s0x2df146df45849e9d:0x2275962763b678e3!8m2!3d-1.2744238!4d116.8447948!16s%2Fg%2F11j8ldl59q!19sChIJnZ6ERd9G8S0R43i2YyeWdSI?authuser=0&hl=id&rclk=1","Praktek Psikologi","","","Klinik Medis","·","PRGV+6WM, Jl. Blora II","","","","","","","Rute","","","","","Tidak ada ulasan"
"https://www.google.com/maps/place/Praktik+Mandiri+Psikolog+Klinis+Siti+Saniah/data=!4m7!3m6!1s0x2de683000ecc2751:0x837ec50121be77b9!8m2!3d-3.4654831!4d114.7846952!16s%2Fg%2F11vrr3qmc_!19sChIJUSfMDgCD5i0RuXe-IQHFfoM?authuser=0&hl=id&rclk=1","Praktik Mandiri Psikolog Klinis Siti Saniah","4,8","(18)","Psikolog","·","Komp, Jl. Komp. Benawa Raya Jl. Arafah No.32","Tutup","· Buka Sen pukul 17.00","·","0822-5676-4818","","","Rute","","","https://ssl.gstatic.com/local/servicebusiness/default_user.png","""Tempatnya enak, pelayanannya juga oke banget.""",""
"https://www.google.com/maps/place/Biro+Psikologi+DIVA+HR+CONSULTING/data=!4m7!3m6!1s0x2de423efeca3c53b:0x6e06ffb1ddb44ef4!8m2!3d-3.3196808!4d114.6132303!16s%2Fg%2F1hm304gfz!19sChIJO8Wj7O8j5C0R9E603bH_Bm4?authuser=0&hl=id&rclk=1","Biro Psikologi DIVA HR CONSULTING","4,9","(91)","Psikolog","·","·","Tutup","· Buka Sen pukul 08.30","Jl. Veteran No.31, RT.26","0817-7907-7770","","","Rute","","","https://ssl.gstatic.com/local/servicebusiness/default_user.png","""Konsultasi minat dan bakat disini, pelayanannya profesional dan nyaman 🙏""",""
"https://www.google.com/maps/place/Praktik+Mandiri+Psikolog+Klinis+Ade+Ayu/data=!4m7!3m6!1s0x2de68116059cc659:0xa8a1a8a8835e356f!8m2!3d-3.4300724!4d114.8150465!16s%2Fg%2F11lf765hwq!19sChIJWcacBRaB5i0RbzVeg6iooag?authuser=0&hl=id&rclk=1","Praktik Mandiri Psikolog Klinis Ade Ayu","5,0","(28)","Psikolog","·","Jl. Bougenville No.9","Tutup","· Buka Sen pukul 08.00","·","0899-9484-739","","","Rute","","","https://ssl.gstatic.com/local/servicebusiness/default_user.png","""Tempat nyaman, bercerita dengan nyamaan dan plong pokok nya the best😍""",""
"https://www.google.com/maps/place/TraitCare+Biro+Psikologi+Banjarbaru/data=!4m7!3m6!1s0x2de6813f53325b21:0x2cef6cd43247cf40!8m2!3d-3.4581288!4d114.8330722!16s%2Fg%2F11hbk307db!19sChIJIVsyUz-B5i0RQM9HMtRs7yw?authuser=0&hl=id&rclk=1","TraitCare Biro Psikologi Banjarbaru","4,9","(21)","Psikolog","·","Jl. Pandu","Tutup","· Buka Sen pukul 09.00","·","0821-5639-5890","","","Rute","","","https://ssl.gstatic.com/local/servicebusiness/default_user.png","""Psikolognya ramah dan tempatnya nyaman.""",""
"https://www.google.com/maps/place/Karakter+Bina+Insani+%28Biro+Psikologi+Karakter%29,+Balikpapan/data=!4m7!3m6!1s0x2df1471fc54646d3:0xc92d3e4c97d0cfb4!8m2!3d-1.2692328!4d116.8427979!16s%2Fg%2F11cncc62gz!19sChIJ00ZGxR9H8S0RtM_Ql0w-Lck?authuser=0&hl=id&rclk=1","Karakter Bina Insani (Biro Psikologi Karakter), Balikpapan","4,7","(9)","Psikolog","·","·","Tutup","· Buka Sen pukul 08.00","Jl. Mayjend Sutoyo Jl. Bukit Sion No.99, RT.48","0813-5277-7270","https://www.instagram.com/karakterbinainsani/","","Situs Web","","Rute","","",""
"https://www.google.com/maps/place/Quadra+Sinergi+Consulting/data=!4m7!3m6!1s0x2df1479e57fd7aad:0x7483bdc1df53aaa0!8m2!3d-1.2336482!4d116.8709957!16s%2Fg%2F11j6z_t8dh!19sChIJrXr9V55H8S0RoKpT38G9g3Q?authuser=0&hl=id&rclk=1","Quadra Sinergi Consulting","4,8","(26)","Psikolog","·","Cluster Borneo Hills, Taman Sari Bukit Mutiara (WIKA BR 6 No.13","Buka","· Tutup pukul 16.00","·","0811-4443-000","http://quadrasinergi.wixsite.com/quadrasinergi","","Situs Web","","Rute","https://ssl.gstatic.com/local/servicebusiness/default_user.png","""Tempat untuk mengembangkan potensi diri secara maksimal...""",""
"https://www.google.com/maps/place/IntraPersona+%28+Psikolog+Tanjung+Tabalong%29/data=!4m7!3m6!1s0x2dfab315a2e3f5c9:0x6ffa29cfb270485f!8m2!3d-2.1787328!4d115.4288855!16s%2Fg%2F11wq3pgmgh!19sChIJyfXjohWz-i0RX0hwss8p-m8?authuser=0&hl=id&rclk=1","IntraPersona ( Psikolog Tanjung Tabalong)","5,0","(3)","Psikolog","·","Komplek Pondok Indah III Blk. H No.09","Tutup","· Buka Sen pukul 10.00","·","0813-8128-2111","https://www.instagram.com/intrapersona.id/profilecard/?igsh=eHd4YnBpbzgyanYx","","Situs Web","","Rute","","",""
"https://www.google.com/maps/place/Klinik+Psikologi+SMART/data=!4m7!3m6!1s0x2de421ceb6069da3:0x8645a17cd135b568!8m2!3d-3.3443181!4d114.6091014!16s%2Fg%2F11wqs9p0wg!19sChIJo50Gts4h5C0RaLU10XyhRYY?authuser=0&hl=id&rclk=1","Klinik Psikologi SMART","4,8","(9)","Psikolog","·","JL Bumi Jl. Handayani XI No.32","Tutup","· Buka Sen pukul 08.00","·","0851-9031-2283","","","Rute","","","https://ssl.gstatic.com/local/servicebusiness/default_user.png","""Psikolognya excellent service.""",""
"https://www.google.com/maps/place/Praktek+Psikolog+Indonesia+Banjarmasin/data=!4m7!3m6!1s0x2de4231257ee1a9b:0x270662624fdfbf06!8m2!3d-3.2907333!4d114.5896781!16s%2Fg%2F11y2msdkc1!19sChIJmxruVxIj5C0RBr_fT2JiBic?authuser=0&hl=id&rclk=1","Praktek Psikolog Indonesia Banjarmasin","","","Psikolog","·","Apotek Sinar Amandit Farma, Jl. Brigjend H. Hasan Basri No.46, RT.41","Buka","· Tutup pukul 21.00","·","0878-8718-4585","https://praktekpsikolog.com/","","Situs Web","","Rute","","","Tidak ada ulasan"
"https://www.google.com/maps/place/Tumbuh+Psikologi+%28Praktik+Mandiri+Psikolog+Klinis+Rizky+Amalia+Jannati,+M.Psi.,+Psikolog%29/data=!4m7!3m6!1s0x2de421204ab50753:0x47d1002a6a463e12!8m2!3d-3.3342477!4d114.5765978!16s%2Fg%2F11j9gq57rn!19sChIJUwe1SiAh5C0REj5GaioA0Uc?authuser=0&hl=id&rclk=1","Tumbuh Psikologi (Praktik Mandiri Psikolog Klinis Rizky Amalia Jannati, M.Psi., Psikolog)","4,0","(4)","Psikolog","·","Gg. Ampera I","Tutup","· Buka Sen pukul 16.30","·","0813-4888-1014","","","Rute","","","","",""
"https://www.google.com/maps/place/Dr.+H.+Asyikin+Noor,+Sp.KJ+M.AP/data=!4m7!3m6!1s0x2de423bf1ab9f21b:0x130075b34c6628c5!8m2!3d-3.3106887!4d114.5918097!16s%2Fg%2F11b73zppsz!19sChIJG_K5Gr8j5C0RxShmTLN1ABM?authuser=0&hl=id&rclk=1","Dr. H. Asyikin Noor, Sp.KJ M.AP","2,7","(51)","Psikiater","·","Jl. Sulawesi No.15B, RT.020/RW.001","Tutup","· Buka pukul 14.00","·","(0511) 4364773","","","Rute","","","https://ssl.gstatic.com/local/servicebusiness/default_user.png","""Dokter senior
Memberi terapi yg sesuai
Terimakasih dok""",""
"https://www.google.com/maps/place/Propsychology+Psikologi+dan+Kesehatan+SIM+Balikpapan/data=!4m7!3m6!1s0x2df147ebcd0ca231:0x658faddca716090e!8m2!3d-1.277651!4d116.8349252!16s%2Fg%2F11tcwrxcv6!19sChIJMaIMzetH8S0RDgkWp9ytj2U?authuser=0&hl=id&rclk=1","Propsychology Psikologi dan Kesehatan SIM Balikpapan","5,0","(1)","Psikolog","·","Jl. Jenderal Sudirman, Ruko Bandar","Tutup","· Buka Sen pukul 07.30","·","0812-7076-1840","","","Rute","","","https://ssl.gstatic.com/local/servicebusiness/default_user.png","""Pelayanannya ramah""",""
"https://www.google.com/maps/place/Klinik+Psikologi+PCC+%28Psychological+Comfort+Center%29/data=!4m7!3m6!1s0x2df1493adfbacf27:0xc70a760db41948f!8m2!3d-1.1979188!4d116.8506467!16s%2Fg%2F11s2j1k_gc!19sChIJJ8-63zpJ8S0Rj5RB22CncAw?authuser=0&hl=id&rclk=1","Klinik Psikologi PCC (Psychological Comfort Center)","","","Klinik Pengajaran Psikologi","·","Perumahan Graha Indah, Blk. J No.13, Rt 04","Tutup","· Buka Sen pukul 17.00","·","0819-4530-0004","","","Rute","","","","","Tidak ada ulasan"
"https://www.google.com/maps/place/Praktek+dr.psikologi/data=!4m7!3m6!1s0x2de50b0033173151:0x7b3cf0aa30aa335b!8m2!3d-2.7832902!4d115.2591758!16s%2Fg%2F11vwyz3z2y!19sChIJUTEXMwAL5S0RWzOqMKrwPHs?authuser=0&hl=id&rclk=1","Praktek dr.psikologi","","","Psikolog","·","6785+MMM, Jl. 3 Desember","","","","","","","Rute","","","","","Tidak ada ulasan"
"https://www.google.com/maps/place/Psikologi+SIM+Arka+Trans+Psikologi/data=!4m7!3m6!1s0x2df147774b5506c1:0xba7b9d23c32e0eca!8m2!3d-1.277651!4d116.8349252!16s%2Fg%2F11qrkklsnq!19sChIJwQZVS3dH8S0Ryg4uwyOde7o?authuser=0&hl=id&rclk=1","Psikologi SIM Arka Trans Psikologi","4,7","(6)","Psikolog","·","PRCM+WXM, Jl. Jenderal Sudirman, Ruko Bandar Kecamatan","Tutup","· Buka Sen pukul 07.30","·","0811-5403-211","http://www.simonline.arkatranspsikologi.co.id/","","Situs Web","","Rute","","",""
"https://www.google.com/maps/place/LPT+Global/data=!4m7!3m6!1s0x2de426b54385d677:0x94527461326a9591!8m2!3d-3.3399311!4d114.6143036!16s%2Fg%2F11b6zsl3hb!19sChIJd9aFQ7Um5C0RkZVqMmF0UpQ?authuser=0&hl=id&rclk=1","LPT Global","4,2","(20)","Klinik Medis","·","·","Tutup","· Buka Sen pukul 08.30","Jl. Bumi Mas Raya Jl. Buncit Indah I No.44","0851-0466-2007","http://www.globalsolusi.com/","","Situs Web","","Rute","https://ssl.gstatic.com/local/servicebusiness/default_user.png","""Pelayanan sangat ramah""",""
"https://www.google.com/maps/place/Biro+Psikologi+Kapuas+%22Demi+Persona%22/data=!4m7!3m6!1s0x2de46f007ccdbfdd:0x287233606471c5e!8m2!3d-2.9958537!4d114.3807502!16s%2Fg%2F11y31vczm2!19sChIJ3b_NfABv5C0RXhxHBjYjhwI?authuser=0&hl=id&rclk=1","Biro Psikologi Kapuas ""Demi Persona""","5,0","(11)","Psikolog","·","Jl. Meranti Jl. Pilau Gg. XI No.01","","","","0852-4840-4048","","","Rute","","","https://ssl.gstatic.com/local/servicebusiness/default_user.png","""100000/10
pelayanan ramah, harga terjangkau, tempatnya juga nyamann.""",""
"https://www.google.com/maps/place/MITRASOLUSI+Lembaga+Psikologi+Terapan+HIPNOTERAPI/data=!4m7!3m6!1s0x2de683ddfaa653dd:0x3b4a2b35e9302287!8m2!3d-3.4537923!4d114.8026221!16s%2Fg%2F11f40p2pqw!19sChIJ3VOm-t2D5i0RhyIw6TUrSjs?authuser=0&hl=id&rclk=1","MITRASOLUSI Lembaga Psikologi Terapan HIPNOTERAPI","4,8","(44)","Layanan Hipnoterapi","","·","Tutup","· Buka Sen pukul 08.00","","0815-2157-7400","http://www.irsanfinazli.wordpress.com/","","Situs Web","","Rute","https://ssl.gstatic.com/local/servicebusiness/default_user.png","""Tempat yang cocok untuk terapi psikologis dan hipnoterapi.""",""
"https://www.google.com/maps/place/Yayasan+Psikologi+Clarinta,+Klinik+Psikologi+Anak+dan+Keluarga+%28ABK%29/data=!4m7!3m6!1s0x2df147a47b6be1bd:0xac3efb067b4f3aca!8m2!3d-1.2216505!4d116.8428112!16s%2Fg%2F11fcmvnsxy!19sChIJveFre6RH8S0RyjpPewb7Pqw?authuser=0&hl=id&rclk=1","Yayasan Psikologi Clarinta, Klinik Psikologi Anak dan Keluarga (ABK)","4,3","(6)","Psikolog","·","Pondok Anggun Kencana No.86, RT.09","Tutup","· Buka Sen pukul 08.00","·","0813-4739-8169","","","Rute","","","","",""
"https://www.google.com/maps/place/fi.psychology/data=!4m7!3m6!1s0x2de681d189b7e711:0x56a79c8dd9fb3f!8m2!3d-3.4544703!4d114.8458781!16s%2Fg%2F11h_7b94m7!19sChIJEee3idGB5i0RP_vZjZynVgA?authuser=0&hl=id&rclk=1","fi.psychology","5,0","(3)","Psikolog","·","GRWW+696","Tutup","· Buka Sen pukul 08.00","·","0857-5277-0746","","","Rute","","","https://ssl.gstatic.com/local/servicebusiness/default_user.png","""Sangat membantu dalam hal tes IQ""",""
"https://www.google.com/maps/place/Biro+Sagraha+Psikologi+Banjarbaru/data=!4m7!3m6!1s0x2de681a2e236e2eb:0xe97732dab7ffaf3b!8m2!3d-3.4593607!4d114.8535004!16s%2Fg%2F11j4y71hht!19sChIJ6-I24qKB5i0RO6__t9oyd-k?authuser=0&hl=id&rclk=1","Biro Sagraha Psikologi Banjarbaru","5,0","(5)","Psikolog","·","Jl. Klp. Gading I Komp. Keruing Indah No.15 Blok C","Tutup","· Buka Sen pukul 09.00","·","0895-4058-07415","","","Rute","","","https://ssl.gstatic.com/local/servicebusiness/default_user.png","""Pelayanannya oke""",""
"https://www.google.com/maps/place/Creative+Center+of+Psychology/data=!4m7!3m6!1s0x2de4230b62ce97c9:0x14e8b8b9509bcd11!8m2!3d-3.3211356!4d114.610418!16s%2Fg%2F11c313rt6g!19sChIJyZfOYgsj5C0REc2bULm46BQ?authuser=0&hl=id&rclk=1","Creative Center of Psychology","5,0","(5)","Psikolog","·","Jl. Manggis Gg. Nangka No.60, RT.18","Tutup","· Buka Sen pukul 09.00","·","0852-4831-8493","","","Rute","","","https://ssl.gstatic.com/local/servicebusiness/default_user.png","""Tempatnya nyaman dan ramah, psikolognya sabar serta enak diajak ngobrol.""",""
"https://www.google.com/maps/place/YOUNG+GENERATION+CENTER+%28+Layanan+Psikologi+dan+Terapi+Tumbuh+Kembang+Anak%29/data=!4m7!3m6!1s0x2df1470020c33455:0xc06a48408e2eaf3e!8m2!3d-1.2386935!4d116.8526348!16s%2Fg%2F11ym2vbjq2!19sChIJVTTDIABH8S0RPq8ujkBIasA?authuser=0&hl=id&rclk=1","YOUNG GENERATION CENTER ( Layanan Psikologi dan Terapi Tumbuh Kembang Anak)","4,9","(16)","Psikolog Anak","·","QV63+G3C, Jl. DI. Panjaitan","Tutup","· Buka Sen pukul 09.00","·","0851-3888-2995","https://www.instagram.com/younggeneration.center?igsh=MW16cWc3bGlpbTRzdQ==","","Situs Web","","Rute","https://ssl.gstatic.com/local/servicebusiness/default_user.png","""Terapis ramah,sabar,pelayanan bagus.""",""
"https://www.google.com/maps/place/Yayasan+Psikologi+Clarinta/data=!4m7!3m6!1s0x2df14956057b3557:0x31dcd515057174aa!8m2!3d-1.2216657!4d116.8426905!16s%2Fg%2F11nmrg8jwc!19sChIJVzV7BVZJ8S0RqnRxBRXV3DE?authuser=0&hl=id&rclk=1","Yayasan Psikologi Clarinta","5,0","(2)","Psikolog","·","belakang pool bis pulau indah, Pondok Anggun Kencana No.KM 3, RT.19/RW.no.86","Tutup","· Buka Sen pukul 08.00","·","0813-4739-8169","","","Rute","","","","",""
"https://www.google.com/maps/place/Biro+Psikologi+PROGRESS/data=!4m7!3m6!1s0x2df1460574ec599f:0x32dcd9be93e02f45!8m2!3d-1.2262512!4d116.8819366!16s%2Fg%2F11hbn6176v!19sChIJn1nsdAVG8S0RRS_gk77Z3DI?authuser=0&hl=id&rclk=1","Biro Psikologi PROGRESS","5,0","(1)","Psikolog","·","QVFJ+FQV, Jl. Sepinggan Pratama","","","","","","","Rute","","","","",""
"https://www.google.com/maps/place/Psikolog+Klinis+Annisya+Muthmainnah+T,+M.Psi.,+Psikolog+-+Carnatia+Development+Center/data=!4m7!3m6!1s0x2df67f200c3a5dc1:0x2860d709d31fbae1!8m2!3d-0.5253735!4d117.1287325!16s%2Fg%2F11wb1hjrr9!19sChIJwV06DCB_9i0R4bof0wnXYCg?authuser=0&hl=id&rclk=1","Psikolog Klinis Annisya Muthmainnah T, M.Psi., Psikolog - Carnatia Development Center","5,0","(17)","Psikolog","·","Perumahan KORPRI 2, Jl. Apt. Pranoto No.22 Blok L2","Buka","· Tutup pukul 21.00","·","0851-9625-1335","","","Rute","","","https://ssl.gstatic.com/local/servicebusiness/default_user.png","""respon chat cepat, penjelasan alur dan administrasi juga jelas""",""
"https://www.google.com/maps/place/PELAYANAN+UJI+PSIKOLOGI+SIM/data=!4m7!3m6!1s0x2de5a15ade43be63:0xdb0a31a8f24d0aeb!8m2!3d-2.8021359!4d115.2601724!16s%2Fg%2F11p99vn_6k!19sChIJY75D3lqh5S0R6wpN8qgxCts?authuser=0&hl=id&rclk=1","PELAYANAN UJI PSIKOLOGI SIM","5,0","(1)","Psikolog","·","57X6+43V, Jl. Jend. Sudirman","","","","","","","Rute","","","https://ssl.gstatic.com/local/servicebusiness/default_user.png","""Jadi tidak harus antri.""",""
"https://www.google.com/maps/place/Imajiner+Talenta/data=!4m7!3m6!1s0x2de68104bcd12e9d:0xa8d36c48a26301c4!8m2!3d-3.4428995!4d114.8501966!16s%2Fg%2F11bt_nw30j!19sChIJnS7RvASB5i0RxAFjokhs06g?authuser=0&hl=id&rclk=1","Imajiner Talenta","4,0","(1)","Psikiater","·","Jl. Ir. P. M. Noor No.9 A","Tutup","· Buka Sen pukul 08.00","·","(0511) 4781771","","","Rute","","","","",""
"https://www.google.com/maps/place/Malaikat+Senja+Resort/data=!4m7!3m6!1s0x2de56edfbcec0ab5:0xa53a2bacc59ea2b2!8m2!3d-2.6001223!4d115.4287827!16s%2Fg%2F11dxdjnzrp!19sChIJtQrsvN9u5S0RsqKexawrOqU?authuser=0&hl=id&rclk=1","Malaikat Senja Resort","4,5","(2)","Psikolog","·","·","Tutup","· Buka Sen pukul 09.00","Jl Penas Tani 4, RT.05/RW.02","0822-7137-1569","","","Rute","","","","",""
"https://www.google.com/maps/place/Klinik+Psikologi+Fusfa/data=!4m7!3m6!1s0x2de681004181e051:0xea25599dfc2db0c7!8m2!3d-3.4393018!4d114.8334684!16s%2Fg%2F11wps1l1gs!19sChIJUeCBQQCB5i0Rx7At_J1ZJeo?authuser=0&hl=id&rclk=1","Klinik Psikologi Fusfa","5,0","(5)","Psikolog","·","Jl. Panglima Batur Timur No.17","","","","","","","Rute","","","https://ssl.gstatic.com/local/servicebusiness/default_user.png","""Sangad membantu""",""
"https://www.google.com/maps/place/RHYS+Psikotes+Balikpapan/data=!4m7!3m6!1s0x2df147dd728fe4f9:0xbdc18c12a8989467!8m2!3d-1.27787!4d116.834536!16s%2Fg%2F11lg6hbqxj!19sChIJ-eSPct1H8S0RZ5SYqBKMwb0?authuser=0&hl=id&rclk=1","RHYS Psikotes Balikpapan","","","Psikolog","·","JL. JENDERAL SUDIRMAN, KOMPLEK, Jl. Jenderal Sudirman, Ruko Bandar No.8 Blk E","Tutup","· Buka Sen pukul 08.00","","","","","Rute","","","","","Tidak ada ulasan"
"https://www.google.com/maps/place/Biro+psikologi+Divergen/data=!4m7!3m6!1s0x2def2f0044fc0b85:0x6e110664a663a05c!8m2!3d-3.2406181!4d116.2313119!16s%2Fg%2F11ydk7qydc!19sChIJhQv8RAAv7y0RXKBjpmQGEW4?authuser=0&hl=id&rclk=1","Biro psikologi Divergen","5,0","(1)","Klinik Medis","·","Q65J+QG3","Tutup","· Buka Sen pukul 08.00","","","","","Rute","","","","",""
"https://www.google.com/maps/place/Praktik+Psikolog+Klinis+Asy-Syifa/data=!4m7!3m6!1s0x2de539f6c2c84c01:0x74506a50b6fdd423!8m2!3d-2.4258572!4d115.2527846!16s%2Fg%2F11yfv24x6j!19sChIJAUzIwvY55S0RI9T9tlBqUHQ?authuser=0&hl=id&rclk=1","Praktik Psikolog Klinis Asy-Syifa","5,0","(2)","Psikolog","·","Jl Abdul Muthalib No.61, RT.09","Tutup","· Buka Sen pukul 19.00","·","0821-5055-4418","","","Rute","","","https://ssl.gstatic.com/local/servicebusiness/default_user.png","""Mantap dan Rekomended""",""
"https://www.google.com/maps/place/Biro+Psikologi+Mata+Hati/data=!4m7!3m6!1s0x2df67f0bcea38525:0x9a7e0b5b94f6a12f!8m2!3d-0.4652408!4d117.1565196!16s%2Fg%2F11btmq37gl!19sChIJJYWjzgt_9i0RL6H2lFsLfpo?authuser=0&hl=id&rclk=1","Biro Psikologi Mata Hati","4,4","(28)","Psikolog","·","Jl. Perjuangan Baru No.3","Tutup","· Buka Sen pukul 09.00","·","0812-5340-3099","","","Rute","","","https://ssl.gstatic.com/local/servicebusiness/default_user.png","""Psikolognya berhasil membuat saya untuk ingin terus kembali ke sini.""",""
"https://www.google.com/maps/place/praktek+psikolog+Danti+Pratiwi+M.Si,+M.Psi,+Psikolog/data=!4m7!3m6!1s0x2de5690056555493:0x10e1e40eb8ed6f33!8m2!3d-2.5662885!4d115.4002273!16s%2Fg%2F11ymzxc_md!19sChIJk1RVVgBp5S0RM2_tuA7k4RA?authuser=0&hl=id&rclk=1","praktek psikolog Danti Pratiwi M.Si, M.Psi, Psikolog","5,0","(1)","Psikoterapis","·","Jalan Raya Merdeka No.05, RT.014/RW.003","","","","","","","Rute","","","https://ssl.gstatic.com/local/servicebusiness/default_user.png","""Tempat nya di Belakang Toko Belanja Fresh""",""
"https://www.google.com/maps/place/BIRO+KONSULTASI+PSIKOLOGI+BINAFELIZ+FAMILIA+BANJARBARU/data=!4m7!3m6!1s0x2de6812f187d48a9:0x6595daaed94c354c!8m2!3d-3.4641861!4d114.8492117!16s%2Fg%2F11gf9q96hx!19sChIJqUh9GC-B5i0RTDVM2a7alWU?authuser=0&hl=id&rclk=1","BIRO KONSULTASI PSIKOLOGI BINAFELIZ FAMILIA BANJARBARU","4,0","(8)","Psikoterapis","·","GRPX+8MG, Jl. Gn. Permai Selatan I","Tutup","· Buka Sen pukul 10.30","","","","","Rute","","","https://ssl.gstatic.com/local/servicebusiness/default_user.png","""Bagus, Alhamdulillah Dede byk perkembangan setelah 3 tahun terapi disana.""",""
"https://www.google.com/maps/place/Biro+Psikologi+Benefit+Sumber+Daya+Manusia/data=!4m7!3m6!1s0x2de426b4508e810b:0x313231e2832e7e92!8m2!3d-3.345634!4d114.622818!16s%2Fg%2F1hm48x55c!19sChIJC4GOULQm5C0Rkn4ug-IxMjE?authuser=0&hl=id&rclk=1","Biro Psikologi Benefit Sumber Daya Manusia","5,0","(1)","Psikolog","·","Jl. A. Yani No.5,5","","","","","","","Rute","","","","",""
"https://www.google.com/maps/place/Praktik+Psikolog/data=!4m7!3m6!1s0x2df04763b88cc8a7:0xb74869be3538f451!8m2!3d-1.8856627!4d116.1923877!16s%2Fg%2F11r_chf1l1!19sChIJp8iMuGNH8C0RUfQ4Nb5pSLc?authuser=0&hl=id&rclk=1","Praktik Psikolog","5,0","(5)","Psikolog","·","Jl. DI. Panjaitan, RT.017/RW.004","Buka","· Tutup pukul 16.00","·","0822-3143-2134","http://www.harmonihati.com/","","Situs Web","","Rute","https://ssl.gstatic.com/local/servicebusiness/default_user.png","""masyaAllah jd teman curhat yg paling mengerti dan memahami""",""
"https://www.google.com/maps/place/Praktek+Psikolog/data=!4m7!3m6!1s0x2de6f3144f3e4c33:0x9414e37799e71b62!8m2!3d-3.7643153!4d114.7706781!16s%2Fg%2F11f73xlvq7!19sChIJM0w-TxTz5i0RYhvnmXfjFJQ?authuser=0&hl=id&rclk=1","Praktek Psikolog","","","Dokter","","·","Buka","· Tutup pukul 17.00","","0853-4711-1747","","","Rute","","","","","Tidak ada ulasan"
"https://www.google.com/maps/place/Yayasan+Praktek+Psikolog+Indonesia+Cabang+Samarinda/data=!4m7!3m6!1s0x2df67fad58f12431:0xc8c7eb19aa7c3092!8m2!3d-0.4729274!4d117.1660384!16s%2Fg%2F11y3sg64q5!19sChIJMSTxWK1_9i0RkjB8qhnrx8g?authuser=0&hl=id&rclk=1","Yayasan Praktek Psikolog Indonesia Cabang Samarinda","4,6","(5)","Psikolog","·","Raja Angin Indonesia, Jl. Ahmad Yani No.15B","Tutup","· Buka Sen pukul 09.00","·","0878-7184-585","","","Rute","","","https://ssl.gstatic.com/local/servicebusiness/default_user.png","""Sangat baik rama dan lengkap
Gak nyesel deh belanja di bintang""",""
"https://www.google.com/maps/place/Pusat+Studi+dan+Terapan+Psikologi+Islam+%28PSTPI%29/data=!4m7!3m6!1s0x2de4215ca8945837:0x86238811d3eec4d6!8m2!3d-3.3333125!4d114.6156875!16s%2Fg%2F11mr_hlb_4!19sChIJN1iUqFwh5C0R1sTu0xGII4Y?authuser=0&hl=id&rclk=1","Pusat Studi dan Terapan Psikologi Islam (PSTPI)","","","Psikolog","·","MJ88+M73, Kebun Bunga, Kec. Banjarmasin Tim","Tutup","· Buka Sen pukul 09.00","·","0877-5713-4235","","","Rute","","","","","Tidak ada ulasan"
"https://www.google.com/maps/place/Biro+Sagraha+Psikologi+Hulu+Sungai+Utara/data=!4m7!3m6!1s0x2de539f35adfa30f:0x99f4bbdb3671c026!8m2!3d-2.4246284!4d115.2554118!16s%2Fg%2F11t0wl0mj3!19sChIJD6PfWvM55S0RJsBxNtu79Jk?authuser=0&hl=id&rclk=1","Biro Sagraha Psikologi Hulu Sungai Utara","","","Psikolog","·","Jl. KH. Ahmad Dahlan No.86, RT.4","Tutup","· Buka Sen pukul 09.00","·","0812-5895-2126","","","Rute","","","","","Tidak ada ulasan"
"https://www.google.com/maps/place/Praktik+Psikologi/data=!4m7!3m6!1s0x2de683001f769979:0x6328990ac23c7f61!8m2!3d-3.4449643!4d114.7879361!16s%2Fg%2F11yyhwbqk4!19sChIJeZl2HwCD5i0RYX88wgqZKGM?authuser=0&hl=id&rclk=1","Praktik Psikologi","","","Psikolog","·","HQ4Q+25P","","","","","","","Rute","","","","","Tidak ada ulasan"
"https://www.google.com/maps/place/Biro+Psikologi+Talenta+Aditama/data=!4m7!3m6!1s0x2de421797ff2256d:0x2202b694d0bd92f1!8m2!3d-3.3384331!4d114.5770918!16s%2Fg%2F1tk1wgkk!19sChIJbSXyf3kh5C0R8ZK90JS2AiI?authuser=0&hl=id&rclk=1","Biro Psikologi Talenta Aditama","4,4","(14)","Penasihat","·","·","Tutup","· Buka Sen pukul 08.00","Jl. Antasan Raden Darat No.RT 19 No.22, RT.No.22/RW.02","0852-4946-6065","https://biropsikologitalentaaditama.wordpress.com/2012/11/29/biro-psikologi-talenta-aditama-banjarmasin/","","Situs Web","","Rute","","",""
"https://www.google.com/maps/place/TerraManners+Psychological+Centre+%28Biro+Psikologi%29/data=!4m7!3m6!1s0x2df1475db0c1253d:0x7655efe658228768!8m2!3d-1.210381!4d116.8433238!16s%2Fg%2F11h4nyhtrn!19sChIJPSXBsF1H8S0RaIciWObvVXY?authuser=0&hl=id&rclk=1","TerraManners Psychological Centre (Biro Psikologi)","4,3","(3)","Psikolog","·","Jalan Minangkabau RT.69, Blk. B No.1","Tutup","· Buka Sen pukul 08.00","·","0813-4644-6572","https://bit.ly/TeMansWebsite","","Situs Web","","Rute","","",""
"https://www.google.com/maps/place/Praktik+Psikolog+Klinis+HOME/data=!4m7!3m6!1s0x2de2bf49726ab7b5:0xe4706f6c40e998aa!8m2!3d-2.550604!4d112.9466233!16s%2Fg%2F11s5zw_zh2!19sChIJtbdqckm_4i0RqpjpQGxvcOQ?authuser=0&hl=id&rclk=1","Praktik Psikolog Klinis HOME","5,0","(10)","Psikolog","·","Jl. Nanas IV No.25","Tutup","· Buka Sen pukul 16.00","·","0812-5360-808","","","Rute","","","https://ssl.gstatic.com/local/servicebusiness/default_user.png","""Sangat memuaskan pelayanan nya ramah dan santun dlm menjelaskan 👍""",""
"https://www.google.com/maps/place/Praktik+Psikolog+Dwi+Purwaningsih/data=!4m7!3m6!1s0x2dfcb3001098633f:0x838ae6ae7df0fab7!8m2!3d-2.2266583!4d113.9258828!16s%2Fg%2F11n543rbp1!19sChIJP2OYEACz_C0Rt_rwfa7mioM?authuser=0&hl=id&rclk=1","Praktik Psikolog Dwi Purwaningsih","5,0","(20)","Psikolog","·","Jl. Antang Kalang No.46","Tutup","· Buka pukul 14.00","·","0898-5065-883","https://lynk.id/layananpsikologidp","","Situs Web","","Rute","https://ssl.gstatic.com/local/servicebusiness/default_user.png","""Sangat di rekomendasikan untuk yg ingin konsultasi mental bagus bangetttt""",""
"https://www.google.com/maps/place/Psikologi+SIM+Arka+Trans+Psikologi+Paser+Grogot/data=!4m7!3m6!1s0x2df047485dd9ea93:0xba582241b717611e!8m2!3d-1.9120688!4d116.1957489!16s%2Fg%2F11lr_k40lq!19sChIJk-rZXUhH8C0RHmEXt0EiWLo?authuser=0&hl=id&rclk=1","Psikologi SIM Arka Trans Psikologi Paser Grogot","5,0","(3)","Psikolog","·","35QW+57H, Jl. Jenderal Sudirman","Tutup","· Buka Sen pukul 07.30","·","0823-5384-4416","","","Rute","","","","",""
"https://www.google.com/maps/place/Yayasan+Taman+Mutiara+Indonesia/data=!4m7!3m6!1s0x2de539d358921c1b:0xee6267e8087aa3da!8m2!3d-2.4147987!4d115.2515389!16s%2Fg%2F11hdqhp7ys!19sChIJGxySWNM55S0R2qN6COhnYu4?authuser=0&hl=id&rclk=1","Yayasan Taman Mutiara Indonesia","5,0","(1)","Psikoterapis","·","Jl. Candi Agung No.I/16","","","","","","","Rute","","","","",""
"https://www.google.com/maps/place/Layanan+Psikologi+Permata/data=!4m7!3m6!1s0x2df67f21af12842b:0xbc0b9db484ae327f!8m2!3d-0.482764!4d117.1293924!16s%2Fg%2F11bcf3hc8y!19sChIJK4QSryF_9i0RfzKuhLSdC7w?authuser=0&hl=id&rclk=1","Layanan Psikologi Permata","4,8","(20)","Psikolog","·","Jl. Juanda 1B No.6","Tutup","· Buka Sen pukul 08.00","·","0851-0074-8900","","","Rute","","","https://ssl.gstatic.com/local/servicebusiness/default_user.png","""Semoga terus menjadi tempat yang memberikan manfaat bagi banyak orang.""",""
"https://www.google.com/maps/place/Klinik+%26+Apotek+EGO/data=!4m7!3m6!1s0x2df145bc9b3561bb:0x5e4a40e9b3a0e4df!8m2!3d-1.2392672!4d116.9242185!16s%2Fg%2F11c1wk1l70!19sChIJu2E1m7xF8S0R3-Sgs-lASl4?authuser=0&hl=id&rclk=1","Klinik & Apotek EGO","3,4","(8)","Klinik Kesehatan Mental","·","Borneo Paradiso Downtown Ruko Ebony Blok B1 No. 10","Tutup","· Buka Sen pukul 09.00","·","0819-5257-8819","","","Rute","","","https://ssl.gstatic.com/local/servicebusiness/default_user.png","""Memberikan point yg sesuai dan tahapan penyelesaian yg pasti""",""
"https://www.google.com/maps/place/Laksmi+Andhiyani+Psychology+Consultant+%26+People+Development/data=!4m7!3m6!1s0x2dfab3fcf2bc8ef5:0xe71b5bc8975aca3f!8m2!3d-2.1753913!4d115.4161795!16s%2Fg%2F11qg95xdpw!19sChIJ9Y688vyz-i0RP8pal8hbG-c?authuser=0&hl=id&rclk=1","Laksmi Andhiyani Psychology Consultant & People Development","","","Psikolog","·","Komplek Citra Hutama (Belakang Ruko Optik Muslim) Jl. Kenanga Blok E No 10","","","","0811-5045-000","https://linktr.ee/LaksmiAndhiyaniPCPD","","Situs Web","","Rute","","","Tidak ada ulasan"
"https://www.google.com/maps/place/Jakarta/data=!4m7!3m6!1s0x2dfcb2fb8ed9bf59:0xcdf8b75e555103a1!8m2!3d-2.219192!4d113.9124194!16s%2Fg%2F11fmdl0pxk!19sChIJWb_Zjvuy_C0RoQNRVV63-M0?authuser=0&hl=id&rclk=1","Jakarta","4,5","(16)","Psikolog","·","Jl. G. Obos No.20","","","","0896-3507-8888","","","Rute","","","https://ssl.gstatic.com/local/servicebusiness/default_user.png","""Psikolognya enak 👍🏻 balik dari sini badanku enteng dan tidur pulas.""",""
"https://www.google.com/maps/place/Biro+Psikologi+Perfecta+Psyche+Lisda+Sofia,+S.Psi,+M.Psi,+Psikolog/data=!4m7!3m6!1s0x2df67f410044b489:0xc2b95cb6bc53f2e8!8m2!3d-0.4827169!4d117.152261!16s%2Fg%2F1pzx8y_bc!19sChIJibREAEF_9i0R6PJTvLZcucI?authuser=0&hl=id&rclk=1","Biro Psikologi Perfecta Psyche Lisda Sofia, S.Psi, M.Psi, Psikolog","5,0","(6)","Psikolog","·","Jl. Tantina I No.30","Tutup","· Buka Sen pukul 08.00","·","0851-0017-2703","","","Rute","","","https://ssl.gstatic.com/local/servicebusiness/default_user.png","""Best",""
"https://www.google.com/maps/place/Talenta+Aditama,+Unit+Layanan+Special+Needs+Therapy/data=!4m7!3m6!1s0x2de681d0d6937783:0x85457530d41a7bd6!8m2!3d-3.4517936!4d114.8395615!16s%2Fg%2F11h1jbn12z!19sChIJg3eT1tCB5i0R1nsa1DB1RYU?authuser=0&hl=id&rclk=1","Talenta Aditama, Unit Layanan Special Needs Therapy","5,0","(1)","Psikolog Anak","·","Jl. Dahlina Raya 1 Blok A No.71 Kel. Sei. Besar","Tutup","· Buka Sel pukul 17.00","","","","","Rute","","","https://ssl.gstatic.com/local/servicebusiness/default_user.png","""Konsultasi",""
"https://www.google.com/maps/place/Gerda+Akbar,+M.Psi.,+Psikolog/data=!4m7!3m6!1s0x2df67f80430a8f41:0x8b25032093ce5b42!8m2!3d-0.4286693!4d116.9846673!16s%2Fg%2F11hrlfp6cw!19sChIJQY8KQ4B_9i0RQlvOkyADJYs?authuser=0&hl=id&rclk=1","Gerda Akbar, M.Psi., Psikolog","4,8","(13)","Psikolog","·","Jl. Gn. Jati No.95b","Tutup","· Buka Sen pukul 07.30","·","0822-5647-5800","","","Rute","","","https://ssl.gstatic.com/local/servicebusiness/default_user.png","""Udah pernah ketemu sekali, dan masih mengingat terapi 54321""",""
"https://www.google.com/maps/place/Psikologi+SIM+Arka+Trans+Psikologi+Penajam+Paser+Utara/data=!4m7!3m6!1s0x2df13f149ff9f0c1:0xd1fbbc2b05c74872!8m2!3d-1.3043014!4d116.733771!16s%2Fg%2F11lrzvbgxq!19sChIJwfD5nxQ_8S0RckjHBSu8-9E?authuser=0&hl=id&rclk=1","Psikologi SIM Arka Trans Psikologi Penajam Paser Utara","5,0","(6)","Psikolog","·","Jl. Penajam-Kuaro No.230","Tutup","· Buka Sen pukul 07.30","·","0812-1740-4037","","","Rute","","","","",""
"https://www.google.com/maps/place/Makna+Psikologi/data=!4m7!3m6!1s0x2de6810c8d2c8621:0x6934af7f042365b3!8m2!3d-3.4619921!4d114.8388031!16s%2Fg%2F11z5x4t31q!19sChIJIYYsjQyB5i0Rs2UjBH-vNGk?authuser=0&hl=id&rclk=1","Makna Psikologi","","","Psikolog","·","Komp.Galuh Marindu 2, Jl. Trikora No.1 Blok D","Tutup","· Buka Sen pukul 09.00","·","0821-5474-2745","","","Rute","","","","","Tidak ada ulasan"
"https://www.google.com/maps/place/Prana+Citta+Psychology+Studio/data=!4m7!3m6!1s0x2de423001c3e7003:0x2ab94bb233f45457!8m2!3d-3.2705748!4d114.5999359!16s%2Fg%2F11mshf_z2v!19sChIJA3A-HAAj5C0RV1T0M7JLuSo?authuser=0&hl=id&rclk=1","Prana Citta Psychology Studio","","","Psikolog","·","Jl. Komp. Handil Bakti Indah Jl. Jalur II No.85","Tutup","· Buka Sen pukul 08.00","·","0851-9069-2526","https://www.instagram.com/pranacittapsystudio?igsh=MXg3cHpqNnMweG13bw==","","Situs Web","","Rute","","","Tidak ada ulasan"
"https://www.google.com/maps/place/Konseling+quranj+bjm/data=!4m7!3m6!1s0x2de42300450d59c5:0x76fdf15ee9c11de0!8m2!3d-3.3013654!4d114.6009036!16s%2Fg%2F11mrstw5fv!19sChIJxVkNRQAj5C0R4B3B6V7x_XY?authuser=0&hl=id&rclk=1","Konseling quranj bjm","","","Psikolog","·","Jl. Sultan Adam Komp. Junjung Buih No.24","Buka 24 jam","","·","0821-6457-6542","","","Rute","","","","","Tidak ada ulasan"
"https://www.google.com/maps/place/Praktek+Psikolog+%26+Griya+Terapi+Autisme+Pelangi/data=!4m7!3m6!1s0x2df67fda05b57fa9:0xda7a81d48856d930!8m2!3d-0.5094963!4d117.1097561!16s%2Fg%2F11h4qlxxt0!19sChIJqX-1Bdp_9i0RMNlWiNSBeto?authuser=0&hl=id&rclk=1","Praktek Psikolog & Griya Terapi Autisme Pelangi","5,0","(5)","Psikolog","·","Jalan Teuku Umar. Perum Bukit Indah Permai Blok D No 7","Tutup","· Buka Sen pukul 08.00","·","0812-5589-823","","","Rute","","","https://ssl.gstatic.com/local/servicebusiness/default_user.png","""",""
"https://www.google.com/maps/place/Kampus+Psikologi+Fakultas+Kedokteran+UNLAM/data=!4m7!3m6!1s0x2de68110208a6045:0xc90e022cd771915c!8m2!3d-3.4432756!4d114.8437014!16s%2Fg%2F11g65brytq!19sChIJRWCKIBCB5i0RXJFx1ywCDsk?authuser=0&hl=id&rclk=1","Kampus Psikologi Fakultas Kedokteran UNLAM","4,8","(26)","Fakultas","·","Jl. A. Yani No.160","Tutup","· Buka Sen pukul 06.00","·","(0511) 4774405","","","Rute","","","https://ssl.gstatic.com/local/servicebusiness/default_user.png","""S1 ku disini dan kenangan ku bnyk disini""",""
"https://www.google.com/maps/place/Praktik+Psikolog+Siti+Shafa+Salsabila+Diar,+M.psi.,+Psikolog/data=!4m7!3m6!1s0x2de427b5b9e4e7fd:0x7342046d5ddea933!8m2!3d-3.3493888!4d114.6195854!16s%2Fg%2F11ln0ghq8x!19sChIJ_efkubUn5C0RM6neXW0EQnM?authuser=0&hl=id&rclk=1","Praktik Psikolog Siti Shafa Salsabila Diar, M.psi., Psikolog","5,0","(2)","Psikolog","·","Jl. Banjar Permai III No.126, RT.05/RW.01","","","·","0851-8316-1381","","","Rute","","","https://ssl.gstatic.com/local/servicebusiness/default_user.png","""lagi nunggu kapan prakteknya buka lagi""",""
"https://www.google.com/maps/place/Psikolog+Lely/data=!4m7!3m6!1s0x2de5a10054a41543:0xd51fa806b40c1e73!8m2!3d-2.8170305!4d115.2557143!16s%2Fg%2F11y_y_pb5t!19sChIJQxWkVACh5S0Rcx4MtAaoH9U?authuser=0&hl=id&rclk=1","Psikolog Lely","","","Psikolog","·","Jl. Jend. Sudirman No.mor 46, RT.01/RW.01","","","","","","","Rute","","","","","Tidak ada ulasan"
"https://www.google.com/maps/place/Klinik+HAPPY+KIDS/data=!4m7!3m6!1s0x2de423df490bf827:0x40e6ae06c804e077!8m2!3d-3.3298992!4d114.58999!16s%2Fg%2F11c0wkyjkv!19sChIJJ_gLSd8j5C0Rd-AEyAau5kA?authuser=0&hl=id&rclk=1","Klinik HAPPY KIDS","4,3","(33)","Klinik Terapi Fisik","·","·","Buka","· Tutup pukul 17.00","Jl. Rantauan Darat No.7","0813-5100-7777","http://www.klinikhappykids.com/","","Situs Web","","Rute","https://ssl.gstatic.com/local/servicebusiness/default_user.png","""Kliniknya bersih bagus, dokter dan stafnya ramah, 🥰🥰🥰🥰""",""
"https://www.google.com/maps/place/Enggar+Psikologi+Sangatta/data=!4m7!3m6!1s0x320a35007a354e19:0xe5282711484b9fd0!8m2!3d0.4831191!4d117.5313327!16s%2Fg%2F11vm7jcwg7!19sChIJGU41egA1CjIR0J9LSBEnKOU?authuser=0&hl=id&rclk=1","Enggar Psikologi Sangatta","4,7","(10)","Psikolog","·","FGJJ+X84","","","","0853-9235-4541","http://enggarpsikologi.com/","","Situs Web","","Rute","https://ssl.gstatic.com/local/servicebusiness/default_user.png","""Mohon maaf untuk biaya konsultasi brpa ya""",""
"https://www.google.com/maps/place/Psikologi+SIM+Arka+Trans+Psikologi+Tenggarong/data=!4m7!3m6!1s0x2df67b4a07ae615b:0x4fa79a52c1a73ae1!8m2!3d-0.4102542!4d116.9897041!16s%2Fg%2F11qr_9zy3h!19sChIJW2GuB0p79i0R4TqnwVKap08?authuser=0&hl=id&rclk=1","Psikologi SIM Arka Trans Psikologi Tenggarong","5,0","(5)","Psikolog","·","Gg. Koni RT X No.36","Tutup","· Buka Sen pukul 07.00","","","http://simonline.arkatranspsikologi.co.id/","","Situs Web","","Rute","","",""
"https://www.google.com/maps/place/Dr.+Julianata+Asady,Sp.Kj+%28psikiater%2Fahli+jiwa%29/data=!4m7!3m6!1s0x2df681e585a9058b:0xa80ff6787c5d906d!8m2!3d-0.5581491!4d117.1102953!16s%2Fg%2F11str9zs4p!19sChIJiwWpheWB9i0RbZBdfHj2D6g?authuser=0&hl=id&rclk=1","Dr. Julianata Asady,Sp.Kj (psikiater/ahli jiwa)","5,0","(9)","Psikiater","·","Jl. H. A. M. M. Rifaddin No.1","Tutup","· Buka Sen pukul 08.00","","","","","Rute","","","https://ssl.gstatic.com/local/servicebusiness/default_user.png","""Ga ngerasa dihakimi dan bikin bisa mikir hal yg selama ini aku ga sadari.""",""
"https://www.google.com/maps/place/Dr.+Andi+C,+Sp.+Kj/data=!4m7!3m6!1s0x2de423e511319905:0x1bddd97f534cb99b!8m2!3d-3.322873!4d114.605529!16s%2Fg%2F11b6zpd0d4!19sChIJBZkxEeUj5C0Rm7lMU3_Z3Rs?authuser=0&hl=id&rclk=1","Dr. Andi C, Sp. Kj","4,7","(3)","Dokter","·","MJG4+V62, Jl. Kuripan","","","","","","","Rute","","","","",""
"https://www.google.com/maps/place/Jiwa+Psikologi+%28Praktik+Mandiri+Psikolog+Konseling+Ahmad+Zain+Habibullah,+M.Psi.,+Psikolog%29/data=!4m7!3m6!1s0x2de423006173f749:0x494fb3cd044d8d07!8m2!3d-3.3285259!4d114.5726847!16s%2Fg%2F11x2k2b8sq!19sChIJSfdzYQAj5C0RB41NBM2zT0k?authuser=0&hl=id&rclk=1","Jiwa Psikologi (Praktik Mandiri Psikolog Konseling Ahmad Zain Habibullah, M.Psi., Psikolog)","","","Asosiasi/organisasi","·","Jl. Cempaka Raya No.99, RT.10","Tutup","· Buka Sen pukul 08.00","·","0895-0151-8535","","","Rute","","","","","Tidak ada ulasan"
"https://www.google.com/maps/place/EMBUN+Rumah+Layanan+Psikologi/data=!4m7!3m6!1s0x2de50b4c1dfde9e7:0x92286d5bb908628d!8m2!3d-2.7782707!4d115.2655465!16s%2Fg%2F11ldtdyyg1!19sChIJ5-n9HUwL5S0RjWIIuVttKJI?authuser=0&hl=id&rclk=1","EMBUN Rumah Layanan Psikologi","","","Psikolog","·","Jl. Aluh Idut","Tutup","· Buka Sen pukul 17.00","·","0823-5171-9191","","","Rute","","","","","Tidak ada ulasan"
"https://www.google.com/maps/place/Rumah+Terapi+Aulia+Annisa/data=!4m7!3m6!1s0x2dfab382bae52e49:0xfec7f033c7b1ee2!8m2!3d-2.1568237!4d115.4033012!16s%2Fg%2F11rxrmb_yl!19sChIJSS7luoKz-i0R4h57PAN_7A8?authuser=0&hl=id&rclk=1","Rumah Terapi Aulia Annisa","4,0","(5)","Terapis Fisik","·","Jl. Pandan Arum 2 No.20, RT.13","Buka","· Tutup pukul 21.00","·","0852-8988-9118","","","Rute","","","","",""
"https://www.google.com/maps/place/PPK+I+Polkes+06.09.15%2FHST/data=!4m7!3m6!1s0x2de56ff7b032ca45:0x9a10a97d5bc559ef!8m2!3d-2.5882168!4d115.389181!16s%2Fg%2F11fl_2cq30!19sChIJRcoysPdv5S0R71nFW32pEJo?authuser=0&hl=id&rclk=1","PPK I Polkes 06.09.15/HST","","","Klinik Medis","·","Jl. SMP","Tutup","· Buka Sen pukul 07.00","","","","","Rute","","","","","Tidak ada ulasan"
"https://www.google.com/maps/place/Praktek+psikolog+Indonesia+Cabang+Palangkaraya/data=!4m7!3m6!1s0x2dfcb3968433980d:0x3c1ed11e37c57776!8m2!3d-2.2030941!4d113.8945515!16s%2Fg%2F11l5g_b82d!19sChIJDZgzhJaz_C0RdnfFNx7RHjw?authuser=0&hl=id&rclk=1","Praktek psikolog Indonesia Cabang Palangkaraya","","","Psikolog","·","Jl. Beliang No.40ABPalangkaKec, Jl. Beliang No.40ab","","","","","","","Rute","","","","","Tidak ada ulasan"
"https://www.google.com/maps/place/Biro+Psikologi+Prasetya+%28Tes+Psikologi+SIM%29/data=!4m7!3m6!1s0x2de6f119e78e6bab:0x2297d73007f49!8m2!3d-3.8014811!4d114.7705365!16s%2Fg%2F11qs75yggk!19sChIJq2uO5xnx5i0RSX8Ac30pAgA?authuser=0&hl=id&rclk=1","Biro Psikologi Prasetya (Tes Psikologi SIM)","","","Rumah Sakit Jiwa","·","5QXC+C63, Jl. KS Tubun","","","","","","","Rute","","","","","Tidak ada ulasan"
"https://www.google.com/maps/place/Praktik+Psikologi+%28DIFIANA+YULILLA,+S.psi.,+M.psi.,+Psikolog%29/data=!4m7!3m6!1s0x2df681002c9e73d5:0x4027804f367dcb08!8m2!3d-0.5714412!4d117.0934516!16s%2Fg%2F11zbpxb34_!19sChIJ1XOeLACB9i0RCMt9Nk-AJ0A?authuser=0&hl=id&rclk=1","Praktik Psikologi (DIFIANA YULILLA, S.psi., M.psi., Psikolog)","","","Psikolog","·","Jl. Barito Gg. Langgar No.Rt. 25 Blok J","","","","","","","Rute","","","","","Tidak ada ulasan"
"https://www.google.com/maps/place/Biro+Psikologi+Cahaya/data=!4m7!3m6!1s0x2df67fde1de77fdd:0xc24f04f8ede954ac!8m2!3d-0.4947291!4d117.1435808!16s%2Fg%2F11f5_739rc!19sChIJ3X_nHd5_9i0RrFTp7fgET8I?authuser=0&hl=id&rclk=1","Biro Psikologi Cahaya","5,0","(6)","Psikolog","·","G44V+4C4, Jl. Bhayangkara","","","","0822-6265-9905","","","Rute","","","","",""
"https://www.google.com/maps/place/Rumah+Sakit+Jiwa+Kandangan/data=!4m7!3m6!1s0x2de50abebd616b15:0x70f91d3cde6ce9f8!8m2!3d-2.7869919!4d115.2647274!16s%2Fg%2F11c0rqpzcs!19sChIJFWthvb4K5S0R-Ols3jwd-XA?authuser=0&hl=id&rclk=1","Rumah Sakit Jiwa Kandangan","5,0","(1)","Rumah Sakit Jiwa","·","6777+6V5, Jl. Jend. Sudirman","Buka","· Tutup pukul 20.00","","","","","Rute","","","","",""
"","","","","","","","","","","","","","","","","","",""