"Alamat","Nama Tempat","Rating","Review","Items","W4Efsd 2","W4Efsd 3","UsdlK","lcr4fd href","Cw1rxd","R8c4Qb","Cw1rxd 2","R8c4Qb 2","Jn12ke src","ah5Ghc","W4Efsd 4","W4Efsd 5","W4Efsd 6"
"","","","","","","","","","","","","","","","","",""
"","","","","","","","","","","","","","","","","",""
"https://www.google.com/maps/place/AYSH+CLINIC+Lv.27+%E2%80%A2+The+Trauma+Specialist+%E2%80%A2+Klinik+Psikologi+dan+Hipnoterapi+Klinis/data=!4m7!3m6!1s0x2dd7d314ab36351d:0x4a95eaf2672e28a!8m2!3d-7.8081701!4d112.7389901!16s%2Fg%2F11c7t1rwzz!19sChIJHTU2qxTT1y0RiuJyJq9eqQQ?authuser=0&hl=id&rclk=1","AYSH CLINIC Lv.27 • The Trauma Specialist • Klinik Psikologi dan Hipnoterapi Klinis","5,0","(884)","Klinik Kesehatan Mental","Buka 24 jam","·","0821-3139-0009","https://youtube.com/channel/UCBMHiFRliQaLQYE-s130E5Q","","Situs Web","","Rute","https://ssl.gstatic.com/local/servicebusiness/default_user.png","""","","",""
"https://www.google.com/maps/place/Psikolog+Profesional+Surabaya/data=!4m7!3m6!1s0x2dd7fd9891c7b1b3:0x189eb44e6adf31c4!8m2!3d-7.3140898!4d112.6789624!16s%2Fg%2F11s10xnnsc!19sChIJs7HHkZj91y0RxDHfak60nhg?authuser=0&hl=id&rclk=1","Psikolog Profesional Surabaya","4,8","(233)","Psikolog","Tutup","·","0812-3270-0729","http://www.psikologprofesionalsurabaya.com/","","Situs Web","","Rute","https://ssl.gstatic.com/local/servicebusiness/default_user.png","""Lumayan recommended buat yang punya trauma atau fobia tertentu.""","·","Boulevard Jl. Royal Residence No.B1, RW.19","· Buka pukul 10.00"
"https://www.google.com/maps/place/PSIKOLOG+KLINIS+MALANG+%28+Dr.+%28Cand%29+Tri+Wiganti+Andayani,+S.Psi.,+M.Psi.,+Psikolog%29+RUMAH+PSIKOLOGI+WIGANTI/data=!4m7!3m6!1s0x2e788319041d086f:0x2533f0812b4877e7!8m2!3d-7.9412059!4d112.5946721!16s%2Fg%2F11s92x15h8!19sChIJbwgdBBmDeC4R53dIK4HwMyU?authuser=0&hl=id&rclk=1","PSIKOLOG KLINIS MALANG ( Dr. (Cand) Tri Wiganti Andayani, S.Psi., M.Psi., Psikolog) RUMAH PSIKOLOGI WIGANTI","4,9","(36)","Psikolog","·","Jl. Joyo Grand Kav. Depag III No.10","0817-0519-030","","","Rute","","","https://ssl.gstatic.com/local/servicebusiness/default_user.png","""Bu Tri sangat baik, Terapi yg diberikan sangat bermanfaat.""","Tutup","· Buka pukul 09.00","·"
"https://www.google.com/maps/place/Tulip+Psikologi+Malang/data=!4m7!3m6!1s0x2e7883a790923dd3:0x5dd9f80c676211cb!8m2!3d-7.9536065!4d112.6195926!16s%2Fg%2F11t9p6gslm!19sChIJ0z2SkKeDeC4RyxFiZwz42V0?authuser=0&hl=id&rclk=1","Tulip Psikologi Malang","4,9","(76)","Psikolog","·","Jl. Mayjend Panjaitan No.171","0852-3393-9329","","","Rute","","","https://ssl.gstatic.com/local/servicebusiness/default_user.png","""Pelayanan konseling baik, bagus, ramah.""","","",""
"https://www.google.com/maps/place/PSIKOLOGI+KLINIS+MALANG+%22TRUST%22+MENTAL+HEALTH+CENTER/data=!4m7!3m6!1s0x2e7883f73d552541:0xf6eeedecaf1bd4ad!8m2!3d-7.9446763!4d112.6009224!16s%2Fg%2F11g_x7ckpd!19sChIJQSVVPfeDeC4RrdQbr-zt7vY?authuser=0&hl=id&rclk=1","PSIKOLOGI KLINIS MALANG ""TRUST"" MENTAL HEALTH CENTER","5,0","(210)","Psikolog","·","Jl. Joyo Utomo V Blk. F No.13, RT.07/RW.04","0813-3338-1308","","","Rute","","","https://ssl.gstatic.com/local/servicebusiness/default_user.png","""","Tutup","· Buka Sen pukul 08.00","·"
"https://www.google.com/maps/place/Praktek+Bersama+Dokter+%26+Psikolog_dr.Ahmad+Hati+Nurwanto+%26+Dewi+Arum+Yonitri.,+S.Psi.,+M.Psi.,+Psikolog/data=!4m7!3m6!1s0x2e78fdb2d137b82d:0x8e6ee25fc1d151bb!8m2!3d-8.0162854!4d111.9080979!16s%2Fg%2F11qftjq2g7!19sChIJLbg30bL9eC4Ru1HRwV_ibo4?authuser=0&hl=id&rclk=1","Praktek Bersama Dokter & Psikolog_dr.Ahmad Hati Nurwanto & Dewi Arum Yonitri., S.Psi., M.Psi., Psikolog","5,0","(99)","Psikolog","Tutup","Jl. Imam Bonjol No.RT 001, RW.008","0851-8519-9323","https://www.instagram.com/dokpas_ahmad?igsh=a3p4emoxYmlzb2g1","","Situs Web","","Rute","https://ssl.gstatic.com/local/servicebusiness/default_user.png","""Dokternya baik dan sabar, pelayanan super baik, sangat recommended 👍🏽""","·","·","· Buka pukul 14.00"
"https://www.google.com/maps/place/Praktek+Psikolog+Indonesia+Balikpapan/data=!4m7!3m6!1s0x2df1475efe21777b:0xa0f290c1a3242949!8m2!3d-1.276864!4d116.841226!16s%2Fg%2F11tcx89krz!19sChIJe3ch_l5H8S0RSSkko8GQ8qA?authuser=0&hl=id&rclk=1","Praktek Psikolog Indonesia Balikpapan","5,0","(6)","Psikolog","Buka","Atwork Co-Working Space, Jl. Jenderal Sudirman No.43, RT.07","0812-1345-8601","https://praktekpsikolog.com/","","Situs Web","","Rute","","","·","·","· Tutup pukul 20.00"
"https://www.google.com/maps/place/Praktik+Psikolog+-+Klinik+Psikologi+Sinergia+Tulunggung/data=!4m7!3m6!1s0x2e78fd57f408e823:0x21cf37d618c4845b!8m2!3d-8.0398806!4d111.913888!16s%2Fg%2F11fk25hry_!19sChIJI-gI9Ff9eC4RW4TEGNY3zyE?authuser=0&hl=id&rclk=1","Praktik Psikolog - Klinik Psikologi Sinergia Tulunggung","5,0","(33)","Psikolog","·","Jl. Sultan Agung V desa No.5","0857-0750-3397","","","Rute","","","https://ssl.gstatic.com/local/servicebusiness/default_user.png","""... cepat, pengaturan jadwal bagus, tempat bersih,","Buka","· Tutup pukul 16.30","·"
"https://www.google.com/maps/place/Psikolog+Kediri+%22Biro+Konsultasi+Psikologi+Kartika%22+%28CV+Kartika+Konsultan%29/data=!4m7!3m6!1s0x2e785773d87abc8d:0x64a26926508e6a85!8m2!3d-7.8249813!4d112.0287822!16s%2Fg%2F11btm56zhn!19sChIJjbx62HNXeC4RhWqOUCZpomQ?authuser=0&hl=id&rclk=1","Psikolog Kediri ""Biro Konsultasi Psikologi Kartika"" (CV Kartika Konsultan)","4,9","(308)","Psikolog","Tutup","Jl. Letjend Sutoyo No.52-54","0812-3538-205","http://www.biropsikartika.co.id/","","Situs Web","","Rute","https://ssl.gstatic.com/local/servicebusiness/default_user.png","""Tempatnya enak, pelayanannya sangat baik dan ramah, fasilitas lengkap.""","·","·","· Buka Sen pukul 08.00"
"https://www.google.com/maps/place/Ratna+Sari+M.Psi.,Psikolog+Surabaya/data=!4m7!3m6!1s0x2dd7fda961117cdb:0x7eec8903eec1d3d5!8m2!3d-7.2985718!4d112.6552439!16s%2Fg%2F11h4lh7psn!19sChIJ23wRYan91y0R1dPB7gOJ7H4?authuser=0&hl=id&rclk=1","Ratna Sari M.Psi.,Psikolog Surabaya","4,6","(184)","Psikolog","Tutup","Royal Park 2 TK.3, Jl. Citraland Surabaya No.79","0812-3176-7999","https://ertamentari.com/","","Situs Web","","Rute","https://ssl.gstatic.com/local/servicebusiness/default_user.png","""Psikolognya sangat Professional dan membantu kami dalam masa2 sulit.""","·","·","· Buka pukul 10.00"
"https://www.google.com/maps/place/PRIMATAMA+Klinik+Dan+Biro+Psikologi/data=!4m7!3m6!1s0x2dd7e4a880331f75:0xeb7a67325f55594c!8m2!3d-7.35882!4d112.718372!16s%2Fg%2F11ggng27b9!19sChIJdR8zgKjk1y0RTFlVXzJneus?authuser=0&hl=id&rclk=1","PRIMATAMA Klinik Dan Biro Psikologi","5,0","(10)","Klinik Kesehatan Mental","·","Jl. Jatisari Besar No.71c","0856-6496-7003","","","Rute","","","https://ssl.gstatic.com/local/servicebusiness/default_user.png","""Psikiaternya sangat cantik, manis, dan murah senyum""","Buka","· Tutup pukul 12.00","·"
"https://www.google.com/maps/place/Psikolog+Rayna+Winata+%7C+Klinik+Psikologi+Rena/data=!4m7!3m6!1s0x2dd6919428018341:0xc7b9d139a4f9aa68!8m2!3d-8.1869991!4d113.6668184!16s%2Fg%2F11smll7rwd!19sChIJQYMBKJSR1i0RaKr5pDnRucc?authuser=0&hl=id&rclk=1","Psikolog Rayna Winata | Klinik Psikologi Rena","5,0","(19)","Psikolog","Buka","Jl. Mojopahit","0812-1258-7747","http://instagram.com/raynawinata","","Situs Web","","Rute","https://ssl.gstatic.com/local/servicebusiness/default_user.png","""setelah konseling aku lega dan sangat terbantu dengan solusinya.""","·","·","· Tutup pukul 20.00"
"https://www.google.com/maps/place/Praktek+Psikiater+dr.+Ika,+SpKJ/data=!4m7!3m6!1s0x2e7881f0b9f9408f:0x87ae9d4b5b4f5bc9!8m2!3d-7.8965968!4d112.6094697!16s%2Fg%2F11l8gr_r86!19sChIJj0D5ufCBeC4RyVtPW0udroc?authuser=0&hl=id&rclk=1","Praktek Psikiater dr. Ika, SpKJ","4,8","(68)","Psikiater","","De Banna Residence, Jl. Griya Permata Alam No.B1-09 B1-09","0851-5777-8101","http://ikapsikiater.id/","","Situs Web","","Rute","https://ssl.gstatic.com/local/servicebusiness/default_user.png","""Praktik dokter terbaik, layanan sangat ramah, bersahabat dan berkualitas""","·","",""
"https://www.google.com/maps/place/Robby+Agustinus+L,+S.Psi.,+M.Psi.,+Psikolog+Klinis/data=!4m7!3m6!1s0x2dd6297e02697bb1:0x683e0421c7099134!8m2!3d-7.9311867!4d112.6665245!16s%2Fg%2F11j370_4gh!19sChIJsXtpAn4p1i0RNJEJxyEEPmg?authuser=0&hl=id&rclk=1","Robby Agustinus L, S.Psi., M.Psi., Psikolog Klinis","5,0","(35)","Psikolog","·","Araya, Jl. Greenwood Golf III No.23","0822-2088-8500","","","Rute","","","https://ssl.gstatic.com/local/servicebusiness/default_user.png","""you helped me so much❤
you made me to new me and the best part of myself.""","Tutup","· Buka Sen pukul 08.00","·"
"https://www.google.com/maps/place/Praktik+Psikologi+Invira+Humania+-+M.+Fauzi+Setiawan,+M.Psi.,+Psikolog/data=!4m7!3m6!1s0x2e78e3936b1e9f6b:0x4268e0b5eeb96ec!8m2!3d-8.0599557!4d111.903445!16s%2Fg%2F11fp3j9dy7!19sChIJa58ea5PjeC4R7JbrXguOJgQ?authuser=0&hl=id&rclk=1","Praktik Psikologi Invira Humania - M. Fauzi Setiawan, M.Psi., Psikolog","4,8","(32)","Psikolog","·","Jl. KH Agus Salim No.68","0852-3298-5385","","","Rute","","","https://ssl.gstatic.com/local/servicebusiness/default_user.png","""Dokter dan staff nya sangat friendly.""","Tutup","· Buka Sen pukul 09.00","·"
"https://www.google.com/maps/place/Yayasan+Praktek+Psikolog+Indonesia+Cabang+Surabaya/data=!4m7!3m6!1s0x2dd7fb648b425a1b:0x6814106cc13016aa!8m2!3d-7.3200313!4d112.7314457!16s%2Fg%2F11r_x1q5qf!19sChIJG1pCi2T71y0RqhYwwWwQFGg?authuser=0&hl=id&rclk=1","Yayasan Praktek Psikolog Indonesia Cabang Surabaya","5,0","(14)","Psikolog","Tutup","Gedung Graha Pena - Surabaya Jl. Ahmad Yani No. 88 Lt. 15 Suite 1503","0812-1345-8601","http://www.praktekpsikolog.com/","","Situs Web","","Rute","https://ssl.gstatic.com/local/servicebusiness/default_user.png","""Fast respon, pelayanan baik""","·","·","· Buka pukul 09.00"
"https://www.google.com/maps/place/Psikologi+Malang+Holistic+Consultan%26Psychodiagnostic/data=!4m7!3m6!1s0x2dd6298fa658b2f3:0x10e33374347ed38f!8m2!3d-7.9569857!4d112.6527952!16s%2Fg%2F11s5k62t5p!19sChIJ87JYpo8p1i0Rj9N-NHQz4xA?authuser=0&hl=id&rclk=1","Psikologi Malang Holistic Consultan&Psychodiagnostic","5,0","(112)","Psikolog","Tutup","Jl Titan Asri V C 1, RT.12/RW.2","0851-5654-3080","http://holistika.id/","","Situs Web","","Rute","https://ssl.gstatic.com/local/servicebusiness/default_user.png","""Pelayanan yang sangat ramah, nyaman, tempatnya baguss dan bersih""","·","·","· Buka Sen pukul 09.00"
"https://www.google.com/maps/place/Praktek+Mandiri+Psikolog+Klinis+%22Izza+Ummu+Harisa,+S.+Psi.,+M.+Psi.,+Psikolog%22/data=!4m7!3m6!1s0x2e791b4e35de6c83:0x90e6e9ab0b278912!8m2!3d-8.0858015!4d111.7550569!16s%2Fg%2F11nclp408m!19sChIJg2zeNU4beS4REoknC6vp5pA?authuser=0&hl=id&rclk=1","Praktek Mandiri Psikolog Klinis ""Izza Ummu Harisa, S. Psi., M. Psi., Psikolog""","4,9","(65)","Psikolog","·","·","0877-5508-1337","","","Rute","","","https://ssl.gstatic.com/local/servicebusiness/default_user.png","""Terimakasih Bu Izza sudah membantu saya untuk test psikologinya.""","Tutup","· Buka pukul 09.00","RT. 21, RW. 10"
"https://www.google.com/maps/place/Psikolog+Kediri+%7C+Terapi+Wicara+dan+Tumbuh+Kembang+%7C+Layanan+Psikolog+Anak,+Remaja+%26+Dewasa+%28Candy+Psychological+Center%29/data=!4m7!3m6!1s0x31d98f0dadc7d60f:0x14ffc99a24d526be!8m2!3d-7.8146568!4d112.0168037!16s%2Fg%2F11rsbr1bdp!19sChIJD9bHrQ2P2TERvibVJJrJ_xQ?authuser=0&hl=id&rclk=1","Psikolog Kediri | Terapi Wicara dan Tumbuh Kembang | Layanan Psikolog Anak, Remaja & Dewasa (Candy Psychological Center)","4,9","(425)","Psikolog","·","Jl. Hayam Wuruk No.37","0899-7979-768","","","Rute","","","https://ssl.gstatic.com/local/servicebusiness/default_user.png","""tempat konseling dan terapi tumbuh kembang terbaik se kediri raya.""","Tutup","· Buka Sen pukul 08.00","·"
"https://www.google.com/maps/place/Thinkplus+Psikologi+-+Kalimantan/data=!4m7!3m6!1s0x2df14794f1433129:0xa77ee0c556222a3f!8m2!3d-1.2233943!4d116.8830289!16s%2Fg%2F11g2_2k4sf!19sChIJKTFD8ZRH8S0RPyoiVsXgfqc?authuser=0&hl=id&rclk=1","Thinkplus Psikologi - Kalimantan","4,9","(284)","Psikolog","Buka","Jl. Sepinggan Pratama No.6 Blok D1","0853-4625-5395","http://thinkpluspsikologi.com/","","Situs Web","","Rute","https://ssl.gstatic.com/local/servicebusiness/default_user.png","""Pelayanan bagus, staf ramah, mudah dalam menjelaskan, tempat nyaman 👍""","·","·","· Tutup pukul 17.00"
"https://www.google.com/maps/place/Praktek+Psikolog+Family+Mind+Space/data=!4m7!3m6!1s0x2dd7fbd4b58a38a1:0x64748bdd314004f5!8m2!3d-7.3088756!4d112.7240402!16s%2Fg%2F11lmhf7xt2!19sChIJoTiKtdT71y0R9QRAMd2LdGQ?authuser=0&hl=id&rclk=1","Praktek Psikolog Family Mind Space","4,6","(38)","Psikolog","Tutup","Puri Indah Ketintang No.F7 A","0852-5777-2127","http://linktr.ee/familymindspace","","Situs Web","","Rute","https://ssl.gstatic.com/local/servicebusiness/default_user.png","""Merasa sangat nyaman, pulang-pulang membawa solusi terbaik.""","·","·","· Buka Sen pukul 08.00"
"https://www.google.com/maps/place/SINERGI+Biro+Psikologi+Klinis+%26+Terapan/data=!4m7!3m6!1s0x2e79bf5b6de233d9:0xe546342b6b5cb678!8m2!3d-7.6316321!4d111.5277211!16s%2Fg%2F11g3z1jvdv!19sChIJ2TPibVu_eS4ReLZcays0RuU?authuser=0&hl=id&rclk=1","SINERGI Biro Psikologi Klinis & Terapan","5,0","(127)","Psikolog","Tutup","Jl. Panglima Sudirman No.10 B","0815-5616-543","https://www.wiwien.com/","","Situs Web","","Rute","https://ssl.gstatic.com/local/servicebusiness/default_user.png","""Tempat terbaik untuk konsul dan terapi psikologis""","·","·","· Buka Sen pukul 08.30"
"https://www.google.com/maps/place/Psikolog+Anak+Malang/data=!4m7!3m6!1s0x2dd6290035b724e3:0x22e2660c2f9f2a93!8m2!3d-7.9511274!4d112.6568664!16s%2Fg%2F11vsdscsyd!19sChIJ4yS3NQAp1i0RkyqfLwxm4iI?authuser=0&hl=id&rclk=1","Psikolog Anak Malang","5,0","(120)","Psikolog","·","Perumahan Jl. Graha Pelita Asri C No.36","0819-4441-1038","","","Rute","","","https://ssl.gstatic.com/local/servicebusiness/default_user.png","""Dokternya juga tau yang paling tepat untuk tiap pasien dan keluarganya.""","Tutup","· Buka Sen pukul 09.00","·"
"https://www.google.com/maps/place/LEMBAGA+PSIKOLOGI+DAN+KONSULTASI+ANAK/data=!4m7!3m6!1s0x2dd7f952a45e20d9:0x8b339103dc55ab10!8m2!3d-7.2587009!4d112.7162386!16s%2Fg%2F11b6v7wznw!19sChIJ2SBepFL51y0REKtV3AORM4s?authuser=0&hl=id&rclk=1","LEMBAGA PSIKOLOGI DAN KONSULTASI ANAK","4,9","(189)","Psikolog Anak","·","Jl. Simo Sidomulyo II No.34","0821-5498-9993","","","Rute","","","https://ssl.gstatic.com/local/servicebusiness/default_user.png","""Awal'nya saya bingung mencari","Tutup","· Buka pukul 09.00","·"
"https://www.google.com/maps/place/KRISTAL+PSIKOLOGI/data=!4m7!3m6!1s0x65258335df5316a5:0x824b72622323c69a!8m2!3d-7.2473396!4d112.725323!16s%2Fg%2F11q3rh4jbl!19sChIJpRZT3zWDJWURmsYjI2JyS4I?authuser=0&hl=id&rclk=1","KRISTAL PSIKOLOGI","5,0","(16)","Psikolog","Tutup","Jl. Margodadi No.36-38","0888-2226-543","https://instagram.com/kristalpsikologi?igshid=YmMyMTA2M2Y=","","Situs Web","","Rute","https://ssl.gstatic.com/local/servicebusiness/default_user.png","""tempat favorit aku untuk sekedar cerita dan konsultasi karir di Surabaya.""","·","·","· Buka Sen pukul 08.00"
"https://www.google.com/maps/place/Praktik+Mandiri+Psikolog+Klinis+-+Binar+Al+Kautsar.,+Psikolog/data=!4m7!3m6!1s0x2e788393c4785445:0xb53b20f7dc86707d!8m2!3d-7.9566023!4d112.6068784!16s%2Fg%2F11fs_89kmb!19sChIJRVR4xJODeC4RfXCG3PcgO7U?authuser=0&hl=id&rclk=1","Praktik Mandiri Psikolog Klinis - Binar Al Kautsar., Psikolog","5,0","(3)","Klinik Kesehatan Mental","·","PERUM ALAM NIRWANA, Jl. Bend. Sigura - Gura Bar. II No.KAV 20","0898-0530-097","","","Rute","","","","","","",""
"https://www.google.com/maps/place/DearAstrid+Story+Sharing+Space+%7C+Psikolog+Surabaya+Barat/data=!4m7!3m6!1s0x2dd7fb426f5b7c23:0x85bbac2fd470492b!8m2!3d-7.3199009!4d112.6726568!16s%2Fg%2F11frp43nc1!19sChIJI3xbb0L71y0RK0lw1C-su4U?authuser=0&hl=id&rclk=1","DearAstrid Story Sharing Space | Psikolog Surabaya Barat","4,9","(369)","Psikolog","Tutup","Royal Residence BS-12 No.56","0812-1667-1214","http://www.dearastrid.com/","","Situs Web","","Rute","https://ssl.gstatic.com/local/servicebusiness/default_user.png","""","·","·","· Buka Sen pukul 09.00"
"https://www.google.com/maps/place/Rumah+Sehat+Psikologi+Invira+Humania/data=!4m7!3m6!1s0x2dd7fce4498a8df5:0x84b91d3f77a7b56a!8m2!3d-7.3217276!4d112.6764264!16s%2Fg%2F11f3tqznhg!19sChIJ9Y2KSeT81y0RarWndz8duYQ?authuser=0&hl=id&rclk=1","Rumah Sehat Psikologi Invira Humania","5,0","(140)","Psikolog","Tutup","·","0813-3117-3779","http://www.invirahumania.com/","","Situs Web","","Rute","https://ssl.gstatic.com/local/servicebusiness/default_user.png","""Waktu konseling juga ngobrolnya enak banget...""","·","Royal Residence, Royal Cityloft 0207-0208","· Buka Sen pukul 09.00"
"https://www.google.com/maps/place/Praktik+Psikolog+Klinis+Dini+Fidyanti+Devi,+S.Psi.,+M.Psi.,+Psikolog+%28Klipsi+DFD%29/data=!4m7!3m6!1s0x2e77ff7398d375a9:0xe722abb94488ad75!8m2!3d-7.1543861!4d112.612288!16s%2Fg%2F11h3139qlx!19sChIJqXXTmHP_dy4Rda2IRLmrIuc?authuser=0&hl=id&rclk=1","Praktik Psikolog Klinis Dini Fidyanti Devi, S.Psi., M.Psi., Psikolog (Klipsi DFD)","4,6","(16)","Psikolog","·","·","0888-0376-4800","","","Rute","","","https://ssl.gstatic.com/local/servicebusiness/default_user.png","""Kedua yg pasti psikolognya super2 sabar dan welcoming banget.""","","","Jl. Bondowoso No.60"
"https://www.google.com/maps/place/Yayasan+Praktek+Psikolog+Indonesia+Cabang+Malang/data=!4m7!3m6!1s0x2e7883b0aac30859:0x51547fe0c42ed61d!8m2!3d-7.934285!4d112.6179243!16s%2Fg%2F11sbz3y32f!19sChIJWQjDqrCDeC4RHdYuxOB_VFE?authuser=0&hl=id&rclk=1","Yayasan Praktek Psikolog Indonesia Cabang Malang","5,0","(1)","Psikolog","Buka","Perum Jl. Taman Indah Soekarno Hatta No.25B","0878-8718-4585","http://www.praktekpsikolog.com/","","Situs Web","","Rute","https://ssl.gstatic.com/local/servicebusiness/default_user.png","""Psikolonya ramah dan baik""","·","·","· Tutup pukul 21.00"
"https://www.google.com/maps/place/Yayasan+Psikolog+Cahaya+Bunda+Balikpapan/data=!4m7!3m6!1s0x2df146e46d1cd7a1:0xb1854140a712d81f!8m2!3d-1.277655!4d116.8349238!16s%2Fg%2F1hm69x7q0!19sChIJodccbeRG8S0RH9gSp0BBhbE?authuser=0&hl=id&rclk=1","Yayasan Psikolog Cahaya Bunda Balikpapan","4,9","(62)","Klinik Kesehatan Mental","Tutup","Jl. Jenderal Sudirman, Ruko Bandar No.Blok B14","0812-4107-2185","http://cahayabundabalikpapan.blogspot.com/","","Situs Web","","Rute","https://ssl.gstatic.com/local/servicebusiness/default_user.png","""Alhamdulillah setelah terapi disini, anak saya mengalami kemajuan.""","·","·","· Buka Sen pukul 08.00"
"https://www.google.com/maps/place/Klinik+Psikologi+RSPM/data=!4m7!3m6!1s0x2e79bfff23900453:0x92cd7ed9efb2fda4!8m2!3d-7.6156846!4d111.5239626!16s%2Fg%2F11mtr_21bc!19sChIJUwSQI_-_eS4RpP2y79l-zZI?authuser=0&hl=id&rclk=1","Klinik Psikologi RSPM","5,0","(15)","Rumah Sakit","Tutup","·","0857-5506-7089","http://rspmanguharjo.jatimprov.go.id/","","Situs Web","","Rute","https://ssl.gstatic.com/local/servicebusiness/default_user.png","""Dan pelayanannya 10/10.""","·","Jl. Yos Sudarso No.108-112","· Buka Sen pukul 08.00"
"https://www.google.com/maps/place/dr.+Tirka+Nandaka,+SpKJ%28K%29.,SH.,CPht+%28Psikiater+Konsultan+%26+Hypnotherapist%29/data=!4m7!3m6!1s0x2dd7e32b49abe1a5:0x10354b9effcc214a!8m2!3d-7.3806216!4d112.6425022!16s%2Fg%2F11fvld6r7k!19sChIJpeGrSSvj1y0RSiHM_55LNRA?authuser=0&hl=id&rclk=1","dr. Tirka Nandaka, SpKJ(K).,SH.,CPht (Psikiater Konsultan & Hypnotherapist)","5,0","(79)","Psikiater","·","·","0812-3446-5272","","","Rute","","","https://ssl.gstatic.com/local/servicebusiness/default_user.png","""Tempat prakteknya bersih, Dokternya baik dan ramah..""","Tutup","· Buka pukul 14.00","Citra Harmoni Blk, Jl. Green Ville GV4 No.27"
"https://www.google.com/maps/place/HAIRA+PSIKOLOGI+%2F+Praktik+Psikolog+Klinis+dan+Terapi+Anak+Berkebutuhan+Khusus+%2F+Gerdaning+Tyas+Jadmiko,+M.Psi.,+Psikolog/data=!4m7!3m6!1s0x2dd7e13de2228495:0xb4a8270a967d3111!8m2!3d-7.4641889!4d112.7094004!16s%2Fg%2F11sv0cphvp!19sChIJlYQi4j3h1y0RETF9lgonqLQ?authuser=0&hl=id&rclk=1","HAIRA PSIKOLOGI / Praktik Psikolog Klinis dan Terapi Anak Berkebutuhan Khusus / Gerdaning Tyas Jadmiko, M.Psi., Psikolog","4,9","(30)","Psikolog","Buka","·","0851-7328-7173","https://www.instagram.com/hairapsikologi/","","Situs Web","","Rute","https://ssl.gstatic.com/local/servicebusiness/default_user.png","""Sangat membantu orang tua untuk memberikan yg terbaik untuk anak""","","","· Tutup pukul 17.00"
"https://www.google.com/maps/place/Klinik+Dr+Antina+Nevi+Hidayati+Sp+KJ+%28Psikiater%29/data=!4m7!3m6!1s0x2e78401d39b0be63:0xee3cd4fc0b78edc9!8m2!3d-7.5489675!4d112.2357722!16s%2Fg%2F11cjp8qsh2!19sChIJY76wOR1AeC4Rye14C_zUPO4?authuser=0&hl=id&rclk=1","Klinik Dr Antina Nevi Hidayati Sp KJ (Psikiater)","3,7","(17)","Dokter","·","Jl. IR. H. Juanda No.22-2","0812-1630-2827","","","Rute","","","https://ssl.gstatic.com/local/servicebusiness/default_user.png","""Dokternya baik sekali.""","","",""
"https://www.google.com/maps/place/Arah+Tumbuh+Psychology+Center/data=!4m7!3m6!1s0x2e789f892757a64d:0x21e8ddc084b1ec67!8m2!3d-8.106563!4d112.5754399!16s%2Fg%2F11thsmk6zc!19sChIJTaZXJ4mfeC4RZ-yxhMDd6CE?authuser=0&hl=id&rclk=1","Arah Tumbuh Psychology Center","5,0","(30)","Psikolog","Tutup","·","0813-8082-8881","https://linktr.ee/arahtumbuh?utm_source=qr_code","","Situs Web","","Rute","https://ssl.gstatic.com/local/servicebusiness/default_user.png","""Rekomendasi banget baut yang bingung cari solusi tentang anak.""","","","· Buka Sen pukul 09.00"
"https://www.google.com/maps/place/Klinik+BELOVED+KANTI+%28+Klinik+Psikologi+Anak+dan+Keluarga%29/data=!4m7!3m6!1s0x2e788319acdb78e5:0xb64fc64dfefd65a!8m2!3d-7.9433263!4d112.5824413!16s%2Fg%2F11m_zf1qy6!19sChIJ5XjbrBmDeC4RWtbv32T8ZAs?authuser=0&hl=id&rclk=1","Klinik BELOVED KANTI ( Klinik Psikologi Anak dan Keluarga)","4,3","(22)","Pusat Pendidikan","·","Jl. Villa Bukit Tidar No.506-507 Blok A4","0821-4299-8977","","","Rute","","","https://ssl.gstatic.com/local/servicebusiness/default_user.png","""Salam satu nyali","Tutup","· Buka Sen pukul 08.00","·"
"https://www.google.com/maps/place/humility+praktik+psikolog/data=!4m7!3m6!1s0x2dd7e5d99964ea4f:0xacdb6b53a2fd51fb!8m2!3d-7.3654998!4d112.72633!16s%2Fg%2F11ql_244rp!19sChIJT-pkmdnl1y0R-1H9olNr26w?authuser=0&hl=id&rclk=1","humility praktik psikolog","5,0","(124)","Psikolog","·","perum pepelegi indah, Jl. Lawu No.9","0858-5976-0030","","","Rute","","","https://ssl.gstatic.com/local/servicebusiness/default_user.png","""Masalah rumah tangga dan pola asuh bisa terselesaikan dengan sangat baik.""","Buka","· Tutup pukul 18.00","·"
"https://www.google.com/maps/place/Praktik+Mandiri+Psikolog+Klinis+%22Kaca+Hati%22+Shinfani+Rodhiyani,+S.Psi.,+M.Psi.,+Psikolog/data=!4m7!3m6!1s0x2e785f4b53658a2f:0xc5b066f877504808!8m2!3d-7.7805556!4d112.2095996!16s%2Fg%2F11vwhpx2fm!19sChIJL4plU0tfeC4RCEhQd_hmsMU?authuser=0&hl=id&rclk=1","Praktik Mandiri Psikolog Klinis ""Kaca Hati"" Shinfani Rodhiyani, S.Psi., M.Psi., Psikolog","5,0","(27)","Psikolog","Tutup","Jl. Pare Kandangan No.22","0857-4574-4606","https://www.instagram.com/kacahati.psi?igsh=YXUwcXExN20xaGQ=","","Situs Web","","Rute","https://ssl.gstatic.com/local/servicebusiness/default_user.png","""Pelayanan nya sangat baik, fast respon kalo di chat.""","·","·","· Buka Sen pukul 09.00"
"https://www.google.com/maps/place/Praktik+Psikolog+Indah+Nadzifah+H.,+M.Psi.,+Psikolog.+%28Biro+Psikologi+Brillian+Potensia%29/data=!4m7!3m6!1s0x2e78e16ff021babf:0x5e8d9ccc7aac7e38!8m2!3d-8.1343779!4d111.9468517!16s%2Fg%2F11kwlnydvc!19sChIJv7oh8G_heC4ROH6sesycjV4?authuser=0&hl=id&rclk=1","Praktik Psikolog Indah Nadzifah H., M.Psi., Psikolog. (Biro Psikologi Brillian Potensia)","5,0","(3)","Psikolog","","·","0857-3677-4456","","","Rute","","","","","Buka","· Tutup pukul 17.00",""
"https://www.google.com/maps/place/Psikolog+Islam+Sidoarjo/data=!4m7!3m6!1s0x2dd7e1c1b74b9c8d:0xf0e60a8c829e6e9!8m2!3d-7.4504742!4d112.6920374!16s%2Fg%2F11tfh2shy8!19sChIJjZxLt8Hh1y0R6eYpyKhgDg8?authuser=0&hl=id&rclk=1","Psikolog Islam Sidoarjo","5,0","(2)","Psikolog","·","Jl. Banjar Asri","0881-0274-42251","","","Rute","","","https://ssl.gstatic.com/local/servicebusiness/default_user.png","""Biayanya berapa kak?""","Buka","· Tutup pukul 23.00","·"
"https://www.google.com/maps/place/Klinik+Psikologi+Anak+Kupompong/data=!4m7!3m6!1s0x2dd7fd876218522f:0xdb5dcbfdae93b851!8m2!3d-7.2866775!4d112.6501306!16s%2Fg%2F11hz03fdyy!19sChIJL1IYYof91y0RUbiTrv3LXds?authuser=0&hl=id&rclk=1","Klinik Psikologi Anak Kupompong","4,7","(44)","Psikolog","·","Jl. International Village I Jl. Citraland Surabaya A4/1","0822-3377-9633","","","Rute","","","https://ssl.gstatic.com/local/servicebusiness/default_user.png","""Tim","Tutup","· Buka Sen pukul 09.00","·"
"https://www.google.com/maps/place/dr.+Brihastami+Sawitri,+SpKJ+-+psikiater+surabaya/data=!4m7!3m6!1s0x2dd7fb19fc16981b:0x1f91518dec822a9d!8m2!3d-7.2939123!4d112.7797738!16s%2Fg%2F11t6j21rf9!19sChIJG5gW_Bn71y0RnSqC7I1RkR8?authuser=0&hl=id&rclk=1","dr. Brihastami Sawitri, SpKJ - psikiater surabaya","4,8","(11)","Psikiater","·","Jl. Klampis Harapan VI No.1","0812-3282-5258","","","Rute","","","https://ssl.gstatic.com/local/servicebusiness/default_user.png","""Ini pengalaman pertama saya bertemu dr.""","Tutup","· Buka Sel pukul 16.30","·"
"https://www.google.com/maps/place/Yuwardi+Psikolog+dan+Hipnoterapi+Surabaya+Hypnotherapy/data=!4m7!3m6!1s0x2dd7fa1e97e54183:0x29bfe1b5c796aa2a!8m2!3d-7.2685611!4d112.7916392!16s%2Fg%2F1pzrn4d5_!19sChIJg0Hllx761y0RKqqWx7Xhvyk?authuser=0&hl=id&rclk=1","Yuwardi Psikolog dan Hipnoterapi Surabaya Hypnotherapy","4,9","(412)","Psikolog","Tutup","·","0878-1951-7888","https://www.yuwardi.com/","","Situs Web","","Rute","https://ssl.gstatic.com/local/servicebusiness/default_user.png","""Terapi setelah konseling dengan Pak Yuwardi saya merasa lega.""","·","Jalan Sutorejo Timur X No.4, blok VV 19","· Buka pukul 10.00"
"https://www.google.com/maps/place/Psikolog+Sayekti+Pribadi+N%27/data=!4m7!3m6!1s0x2e787e06f0d19ab7:0x72f88864efb924d!8m2!3d-7.8374719!4d112.5274051!16s%2Fg%2F1hm5mswqp!19sChIJt5rR8AZ-eC4RTZL7ToaILwc?authuser=0&hl=id&rclk=1","Psikolog Sayekti Pribadi N'","4,7","(15)","Psikolog","·","Jl. Budiono No.8","0856-0610-1655","","","Rute","","","","","Tutup","· Buka Sen pukul 16.00","·"
"https://www.google.com/maps/place/Biro+Psikologi+Lestari/data=!4m7!3m6!1s0x2dd7fb4f91297683:0x3e419f6a394334c9!8m2!3d-7.2981571!4d112.7728702!16s%2Fg%2F11h03dnk8w!19sChIJg3YpkU_71y0RyTRDOWqfQT4?authuser=0&hl=id&rclk=1","Biro Psikologi Lestari","4,7","(70)","Psikolog","Tutup","The Serenity, Jl. Nginden Semolo No.21, RT.000/RW.00","0822-5070-7020","http://www.biropsikologilestari.com/","","Situs Web","","Rute","https://ssl.gstatic.com/local/servicebusiness/default_user.png","""Psikolognya komunikatif, pelayanan staffnya juga ramah.""","·","·","· Buka Sen pukul 08.00"
"https://www.google.com/maps/place/Psikolog+Gresik/data=!4m7!3m6!1s0x2e77fff87260082f:0xc2fb5a3078d742ac!8m2!3d-7.124867!4d112.5998972!16s%2Fg%2F11s434_51s!19sChIJLwhgcvj_dy4RrELXeDBa-8I?authuser=0&hl=id&rclk=1","Psikolog Gresik","5,0","(1)","Psikolog","Tutup","Jl. Penganden Residence No.Kavling 7","0878-1951-7888","https://inigresik.com/rekomendasi-dokter-psikologi-di-daerah-gresik-dan-sekitarnya/","","Situs Web","","Rute","","","·","·","· Buka pukul 10.00"
"https://www.google.com/maps/place/Psikolog+Anak+Madiun/data=!4m7!3m6!1s0x2e79bf005d90e9a9:0xf68ff68b460b26b9!8m2!3d-7.6382262!4d111.5401789!16s%2Fg%2F11l5f7l1gc!19sChIJqemQXQC_eS4RuSYLRov2j_Y?authuser=0&hl=id&rclk=1","Psikolog Anak Madiun","5,0","(95)","Psikolog Anak","Tutup","Jl. Darma Manis Blk. II No.8","0812-8888-5872","http://psikologanak.id/","","Situs Web","","Rute","https://ssl.gstatic.com/local/servicebusiness/default_user.png","""Ruang tunggu bersih, estetik, nyaman dan ramah anak
Ada free wifi.""","·","·","· Buka pukul 09.00"
"https://www.google.com/maps/place/Wini+Agus+Dokter,+Psikiater/data=!4m7!3m6!1s0x2dd7fbfc664a0d5f:0xda70c53eee18ca1!8m2!3d-7.2890776!4d112.7519598!16s%2Fg%2F11b6y8xfql!19sChIJXw1KZvz71y0RoYzh7lMMpw0?authuser=0&hl=id&rclk=1","Wini Agus Dokter, Psikiater","4,2","(29)","Psikiater","·","Jl. Ngagel Timur IV No.29","0812-3173-425","","","Rute","","","https://ssl.gstatic.com/local/servicebusiness/default_user.png","""Cuma disini yang gak ribet tapi langsung diobati & sembuh""","Tutup","· Buka Sen pukul 18.00","·"
"https://www.google.com/maps/place/Pusat+Pelayanan+Psikologi+Terpadu+%22JATI+DIRI%22/data=!4m7!3m6!1s0x2dd7faef9358003b:0x57c21b9f3719350a!8m2!3d-7.3168098!4d112.7757987!16s%2Fg%2F11c7hg4whp!19sChIJOwBYk-_61y0RCjUZN58bwlc?authuser=0&hl=id&rclk=1","Pusat Pelayanan Psikologi Terpadu ""JATI DIRI""","5,0","(1)","Psikolog","·","Jl. Kedung Asem No.105","0838-3108-9018","","","Rute","","","","","Tutup","· Buka Sen pukul 08.00","·"
"https://www.google.com/maps/place/Biro+Konsultasi+Psikologi+JIWA+MANDIRI/data=!4m7!3m6!1s0x2e78095d0b32670d:0x9c407a5b1efb7ceb!8m2!3d-7.4068061!4d112.5896009!16s%2Fg%2F11qgmymxj_!19sChIJDWcyC10JeC4R63z7Hlt6QJw?authuser=0&hl=id&rclk=1","Biro Konsultasi Psikologi JIWA MANDIRI","5,0","(33)","Psikolog","·","Krian Indah Regency, Blok C V No.21","0889-8985-8689","","","Rute","","","https://ssl.gstatic.com/local/servicebusiness/default_user.png","""sangat cocok konsultasi di biro konsultasi","Tutup","· Buka Sen pukul 10.00","·"
"https://www.google.com/maps/place/Praktik+Psikolog+Klinis+Dini+Fidyanti+Devi,+S.Psi.,+M.Psi.,+Psikolog+%28Lawang%29/data=!4m7!3m6!1s0x2dd7d30eb521ea81:0x5edf3000a9d44fa3!8m2!3d-7.8273972!4d112.7243179!16s%2Fg%2F11j0034gzg!19sChIJgeohtQ7T1y0Ro0_UqQAw314?authuser=0&hl=id&rclk=1","Praktik Psikolog Klinis Dini Fidyanti Devi, S.Psi., M.Psi., Psikolog (Lawang)","4,6","(7)","Psikolog","·","·","0888-0376-4800","","","Rute","","","https://ssl.gstatic.com/local/servicebusiness/default_user.png","""6. Kalau ingin cpt pulang/selesai baiknya dtg nya gk terlambat.""","Tutup","· Buka Sel pukul 16.00","Krajan Selatan Grand Bromo Village H11/10"
"https://www.google.com/maps/place/Praktek+dr.+Mefi+Windiastuti,+SpKJ/data=!4m7!3m6!1s0x2e77ff9a06b59a3f:0x6d24bc4b04b353f6!8m2!3d-7.1779126!4d112.5854764!16s%2Fg%2F11c0rh72vd!19sChIJP5q1Bpr_dy4R9lOzBEu8JG0?authuser=0&hl=id&rclk=1","Praktek dr. Mefi Windiastuti, SpKJ","4,8","(32)","Psikiater","·","C1 No.23, Perum Jl. Raya Banjarsari Asri No.25 C1/ No. 23","","","","Rute","","","https://ssl.gstatic.com/local/servicebusiness/default_user.png","""Dokter apa saya bisa lgsg datang atau by appointmet ya?""","Tutup","· Buka Sen pukul 17.00",""
"https://www.google.com/maps/place/Biro+Psikologi+Character/data=!4m7!3m6!1s0x2dd7e5352babcf57:0xa6e241969e37e911!8m2!3d-7.3858595!4d112.7167978!16s%2Fg%2F11plddk_3q!19sChIJV8-rKzXl1y0REek3npZB4qY?authuser=0&hl=id&rclk=1","Biro Psikologi Character","4,9","(128)","Psikolog","Tutup","GRIYA PERMATA GEDANGAN Jalan Elang Blok L2-L3, Perum Jl. Griya Permata Gedangan No.16 Tahap II","0812-1678-258","https://ciptaragamtalenta.com/","","Situs Web","","Rute","https://ssl.gstatic.com/local/servicebusiness/default_user.png","""Komunikatif,responsif, dan informatif Pelayanannya bagus.""","·","·","· Buka Sen pukul 08.00"
"https://www.google.com/maps/place/Lembaga+Pelayanan+Psikologi+Ekshafit+Cabang+Bojonegoro+%28Praktik+Psikolog%29/data=!4m7!3m6!1s0x2e7781bda742245b:0xfd8a9fde4fa8253d!8m2!3d-7.1514305!4d111.899445!16s%2Fg%2F11sfjmlhf8!19sChIJWyRCp72Bdy4RPSWoT96fiv0?authuser=0&hl=id&rclk=1","Lembaga Pelayanan Psikologi Ekshafit Cabang Bojonegoro (Praktik Psikolog)","4,8","(24)","Psikolog","Tutup","Jl. Lettu Suwolo No.67","0812-3454-9287","https://linkr.bio/jvv0r3","","Situs Web","","Rute","https://ssl.gstatic.com/local/servicebusiness/default_user.png","""saya puas bgt dgn pelayanan nya bagus bgt ramah baik dan sangat membantu""","·","·","· Buka Sen pukul 09.00"
"https://www.google.com/maps/place/Praktik+Psikolog+Klinis+S.+Ayu+Nawangsari,+M.Psi.,+Psikolog/data=!4m7!3m6!1s0x2e784f3eb5ddd26f:0xc3f49dfff7027b43!8m2!3d-7.6503191!4d112.0138812!16s%2Fg%2F11vqlmlw88!19sChIJb9LdtT5PeC4RQ3sC9_-d9MM?authuser=0&hl=id&rclk=1","Praktik Psikolog Klinis S. Ayu Nawangsari, M.Psi., Psikolog","5,0","(14)","Psikolog","·","Jalan Bima No.3, RT.02/RW.06","0857-3163-9659","","","Rute","","","","","","",""
"https://www.google.com/maps/place/Elma+Prastika+M.,M.Psi,Psikolog/data=!4m7!3m6!1s0x2e78eba83b11f07d:0x8d0b9442b271c87c!8m2!3d-8.1343125!4d112.1679375!16s%2Fg%2F11sryqkdvq!19sChIJffARO6jreC4RfMhxskKUC40?authuser=0&hl=id&rclk=1","Elma Prastika M.,M.Psi,Psikolog","4,8","(21)","Psikolog","·","RT.01/RW.01","0878-6006-7445","","","Rute","","","https://ssl.gstatic.com/local/servicebusiness/default_user.png","""Psikolognya baik, mendengarkan cerita tanpa terasa dijudge.""","Tutup","· Buka pukul 10.00","·"
"https://www.google.com/maps/place/Brilian+Psikologi/data=!4m7!3m6!1s0x2dd7fceb0bc25311:0xd6ca2bf3fad3279d!8m2!3d-7.3276363!4d112.6885563!16s%2Fg%2F11b6mn1y8m!19sChIJEVPCC-v81y0RnSfT-vMrytY?authuser=0&hl=id&rclk=1","Brilian Psikologi","4,9","(42)","Psikolog","Tutup","Perum Pondok Maritim, Ruko Pondok Maritim Blok W 24 A","0822-3062-6147","http://www.brilianpsikologi.id/","","Situs Web","","Rute","https://ssl.gstatic.com/local/servicebusiness/default_user.png","""Pelayanan mantap , Penyampaian informasi mudah diterima dan tempat bersih""","·","·","· Buka Sen pukul 08.00"
"https://www.google.com/maps/place/Lazuardi/data=!4m7!3m6!1s0x2e78ec0d45dacc2d:0x8d309c4281023d18!8m2!3d-8.1006905!4d112.1661425!16s%2Fg%2F1hm1wzz5q!19sChIJLczaRQ3seC4RGD0CgUKcMI0?authuser=0&hl=id&rclk=1","Lazuardi","4,6","(12)","Psikolog","·","Jl. Mataraman No.1","0858-9591-1113","","","Rute","","","https://ssl.gstatic.com/local/servicebusiness/default_user.png","""Demi perbaikan jiwa dan kebahagiaan diri anda ke depannya.""","Buka","· Tutup pukul 11.30 · Buka kembali pukul 13.00","·"
"https://www.google.com/maps/place/ASCA+ELPIDA+%28Biro+Layanan+Psikologi+%26+Konseling%29/data=!4m7!3m6!1s0x2e77ff9d6a50d60d:0xc266ae8789c00383!8m2!3d-7.1626357!4d112.605085!16s%2Fg%2F11j0s5nj7z!19sChIJDdZQap3_dy4RgwPAiYeuZsI?authuser=0&hl=id&rclk=1","ASCA ELPIDA (Biro Layanan Psikologi & Konseling)","5,0","(29)","Psikolog","·","·","0852-3100-6330","","","Rute","","","https://ssl.gstatic.com/local/servicebusiness/default_user.png","""Terimah kasih pelayanan di biro ini sangat membantu saya banget""","Tutup","· Buka Sen pukul 08.00","Dr. Wahidin SH, Perum Alam Bukit Raya Blok A4/1"
"https://www.google.com/maps/place/Lembaga+Psikologi+Dr+Soetomo/data=!4m7!3m6!1s0x2dd7fb7c996d405d:0x7c50b8c48fb06c1a!8m2!3d-7.3175196!4d112.7221823!16s%2Fg%2F1hc4k9616!19sChIJXUBtmXz71y0RGmywj8S4UHw?authuser=0&hl=id&rclk=1","Lembaga Psikologi Dr Soetomo","3,8","(27)","Psikolog","Tutup","Jl. Ketintang Madya II No.1","(031) 8290211","http://antonyspsi.blogspot.com/","","Situs Web","","Rute","https://ssl.gstatic.com/local/servicebusiness/default_user.png","""Psikotes dengan kehadiran ibu2 ngerumpi""","·","·","· Buka Sen pukul 08.00"
"https://www.google.com/maps/place/Praktek+Psikolog+Klinis+Hasri+Ardilla.,+S.Psi.,+M.Psi.,+Psikolog+-+Hasiera+Consulting_Rumah+Terapi+ABK+ARA/data=!4m7!3m6!1s0x2dd7e5d4d4f59b53:0x636e916ddad4c1b9!8m2!3d-7.4016829!4d112.7626623!16s%2Fg%2F11p46qsgfc!19sChIJU5v11NTl1y0RucHU2m2RbmM?authuser=0&hl=id&rclk=1","Praktek Psikolog Klinis Hasri Ardilla., S.Psi., M.Psi., Psikolog - Hasiera Consulting_Rumah Terapi ABK ARA","5,0","(2)","Psikolog","·","Perumahan Merpati Kehutanan, Jl. Johar Blk. A No.1","0878-6537-9102","","","Rute","","","","","Tutup","· Buka Sen pukul 10.00","·"
"https://www.google.com/maps/place/Biro+Konsultasi+Psikologi+%28+Psikolog+%29+%22ADYATMA%22+dan+Tempat+Terapi+untuk+Anak+Kebutuhan+Khusus/data=!4m7!3m6!1s0x2e7859e90dc03717:0xd54dce490a2b2f4e!8m2!3d-7.8357149!4d112.0618413!16s%2Fg%2F11mwhjyy3_!19sChIJFzfADelZeC4RTi8rCknOTdU?authuser=0&hl=id&rclk=1","Biro Konsultasi Psikologi ( Psikolog ) ""ADYATMA"" dan Tempat Terapi untuk Anak Kebutuhan Khusus","5,0","(114)","Klinik Kesehatan Mental","·","Jl. Kelapa","0812-5279-71107","","","Rute","","","https://ssl.gstatic.com/local/servicebusiness/default_user.png","""reccomend buat yg kesulitan memecahkan masalah😅🫶
ramah dan interaktif""","Tutup","· Buka Sen pukul 10.00","·"
"https://www.google.com/maps/place/LEMBAGA+PSIKOLOGI+INSANIA+INDONESIA/data=!4m7!3m6!1s0x2dd8016ec8a6e8cd:0x919d3d8fe2089462!8m2!3d-7.1761509!4d112.6482637!16s%2Fg%2F11fmlzggn3!19sChIJzeimyG4B2C0RYpQI4o89nZE?authuser=0&hl=id&rclk=1","LEMBAGA PSIKOLOGI INSANIA INDONESIA","5,0","(24)","Psikolog","Tutup","Gg. Biru No.g108","0812-2722-7989","http://www.instagram.com/insania.indonesia","","Situs Web","","Rute","https://ssl.gstatic.com/local/servicebusiness/default_user.png","""Puas dengan layanan dr Ilembaga INSANIA ini .""","·","·","· Buka Sen pukul 08.00"
"https://www.google.com/maps/place/KLINIK+PSIKOLOGI+DAN+KESEHATAN+SIM/data=!4m7!3m6!1s0x2df147002e5d036f:0xceb48fc80a62e6c5!8m2!3d-1.277409!4d116.834791!16s%2Fg%2F11z6gkgcwt!19sChIJbwNdLgBH8S0RxeZiCsiPtM4?authuser=0&hl=id&rclk=1","KLINIK PSIKOLOGI DAN KESEHATAN SIM","4,0","(1)","Klinik Medis","·","PRFM+3W6, Jl. Jenderal Sudirman, Ruko Bandar","","","","Rute","","","https://ssl.gstatic.com/local/servicebusiness/default_user.png","""Namun jika tidak ada bisa dibantu copy di sini.""","","",""
"https://www.google.com/maps/place/Karakter+Bina+Insani+%28Biro+Psikologi+Karakter%29,+Balikpapan/data=!4m7!3m6!1s0x2df1471fc54646d3:0xc92d3e4c97d0cfb4!8m2!3d-1.2692328!4d116.8427979!16s%2Fg%2F11cncc62gz!19sChIJ00ZGxR9H8S0RtM_Ql0w-Lck?authuser=0&hl=id&rclk=1","Karakter Bina Insani (Biro Psikologi Karakter), Balikpapan","4,7","(9)","Psikolog","Tutup","·","0813-5277-7270","https://www.instagram.com/karakterbinainsani/","","Situs Web","","Rute","","","·","Jl. Mayjend Sutoyo Jl. Bukit Sion No.99, RT.48","· Buka Sen pukul 08.00"
"https://www.google.com/maps/place/Praktik+Psikolog+Rizki+Restu,+M.Psi,+Psikolog+Mojokerto+%28SOCA+PSIKOLOGI%29/data=!4m7!3m6!1s0x2e78138ad261274b:0xcf009f6fc1513a99!8m2!3d-7.4662659!4d112.4300187!16s%2Fg%2F11sff22zqv!19sChIJSydh0ooTeC4RmTpRwW-fAM8?authuser=0&hl=id&rclk=1","Praktik Psikolog Rizki Restu, M.Psi, Psikolog Mojokerto (SOCA PSIKOLOGI)","5,0","(9)","Psikolog","·","Jl. Yos Sudarso No.41","0895-0423-8000","","","Rute","","","https://ssl.gstatic.com/local/servicebusiness/default_user.png","""Penjelasannya jelas dan mudah dimengerti 💕💕💕

Recommended 🔥🔥🔥""","Tutup","· Buka Sen pukul 08.00","·"
"https://www.google.com/maps/place/Praktek+Psikologi/data=!4m7!3m6!1s0x2df146df45849e9d:0x2275962763b678e3!8m2!3d-1.2744238!4d116.8447948!16s%2Fg%2F11j8ldl59q!19sChIJnZ6ERd9G8S0R43i2YyeWdSI?authuser=0&hl=id&rclk=1","Praktek Psikologi","","","Klinik Medis","·","PRGV+6WM, Jl. Blora II","","","","Rute","","","","","","",""
"https://www.google.com/maps/place/Hasiera+Consulting+%28Biro+psikologi%29+%2FPraktik+psikolog/data=!4m7!3m6!1s0x2e781324fe831a01:0xb845c77fb48f9e27!8m2!3d-7.4946868!4d112.4219068!16s%2Fg%2F11lgp2wqn9!19sChIJARqD_iQTeC4RJ56PtH_HRbg?authuser=0&hl=id&rclk=1","Hasiera Consulting (Biro psikologi) /Praktik psikolog","5,0","(20)","Psikolog","Tutup","Ahsana Madinah Regency B-26","0878-6537-9102","https://bit.ly/hasieraconsulting","","Situs Web","","Rute","https://ssl.gstatic.com/local/servicebusiness/default_user.png","""Terimakasih telah membantu saya menjadi lebih baikk.""","·","·","· Buka Sen pukul 10.00"
"https://www.google.com/maps/place/Praktik+Psikolog+Klinis+Harum+W.,+M.Psi.,+Psikolog/data=!4m7!3m6!1s0x2e784b76f2057187:0x251edc50fe248c48!8m2!3d-7.6030942!4d111.9005368!16s%2Fg%2F11sj6h7m8c!19sChIJh3EF8nZLeC4RSIwk_lDcHiU?authuser=0&hl=id&rclk=1","Praktik Psikolog Klinis Harum W., M.Psi., Psikolog","5,0","(8)","Psikolog","·","·","0895-8099-60009","","","Rute","","","https://ssl.gstatic.com/local/servicebusiness/default_user.png","""Baru pertama kali ke","Tutup","· Buka Sen pukul 14.30","Jl. Supriyadi No.26"
"https://www.google.com/maps/place/Pelayanan+Psikologi+Airlangga+Mas/data=!4m7!3m6!1s0x2dd7e6b6c61230b5:0x6af8c0f5ad5da1cf!8m2!3d-7.4450616!4d112.7229528!16s%2Fg%2F11b6dg4g8n!19sChIJtTASxrbm1y0Rz6FdrfXA-Go?authuser=0&hl=id&rclk=1","Pelayanan Psikologi Airlangga Mas","5,0","(13)","Psikolog","·","HP3F+X5G, Jl. Yos Sudarso","0813-5767-2338","","","Rute","","","https://ssl.gstatic.com/local/servicebusiness/default_user.png","""Bagus sekali pelayanan mantap""","Tutup","· Buka Sen pukul 16.00","·"
"https://www.google.com/maps/place/Nuril+Bariroh,+M.+Psi.,+Psikolog/data=!4m7!3m6!1s0x2e784bd10e5ba8c1:0xff7cb479f1cbb3a8!8m2!3d-7.6080716!4d111.8989162!16s%2Fg%2F11t4lzyqpt!19sChIJwahbDtFLeC4RqLPL8Xm0fP8?authuser=0&hl=id&rclk=1","Nuril Bariroh, M. Psi., Psikolog","5,0","(11)","Psikolog","Tutup","Depan SDI Nurul Ulum, Jl. Panjaitan","0851-9840-4827","https://www.instagram.com/pagipsikologi/","","Situs Web","","Rute","https://ssl.gstatic.com/local/servicebusiness/default_user.png","""Penjelasannya juga jelas dan mudah dipahami.""","·","·","· Buka Sen pukul 08.30"
"https://www.google.com/maps/place/Psikolog/data=!4m7!3m6!1s0x2dd7e1954c23487d:0x27a5e5a9e9b2eb28!8m2!3d-7.4524352!4d112.6434319!16s%2Fg%2F11c6kymc02!19sChIJfUgjTJXh1y0RKOuy6anlpSc?authuser=0&hl=id&rclk=1","Psikolog","1,0","(1)","Klinik Kesehatan Mental","Tutup","Jl. Abdul Wahab No.19. RT 1 RW 1 Kepuh","0856-5595-5995","https://sites.google.com/view/mico-sidoarjo-rumah-psikolog/halaman-muka","","Situs Web","","Rute","","","·","·","· Buka Sen pukul 08.00"
"https://www.google.com/maps/place/Psikolog+Blitar/data=!4m7!3m6!1s0x2e78edacf8566aad:0x9945bca4ea8a2f3d!8m2!3d-8.0735613!4d112.1513236!16s%2Fg%2F11s3bfw6xs!19sChIJrWpW-KzteC4RPS-K6qS8RZk?authuser=0&hl=id&rclk=1","Psikolog Blitar","4,5","(8)","Psikolog","","·","0813-3290-2212","","","Rute","","","https://ssl.gstatic.com/local/servicebusiness/default_user.png","""Terima kasih sudah memberikan insight""","Tutup","· Buka Sen pukul 10.00",""
"https://www.google.com/maps/place/Grahita+Indonesia+Kediri/data=!4m7!3m6!1s0x2e78473d89a2b603:0x1e8a5e66ad03c335!8m2!3d-7.5787635!4d112.1002081!16s%2Fg%2F11gz8bp7st!19sChIJA7aiiT1HeC4RNcMDrWZeih4?authuser=0&hl=id&rclk=1","Grahita Indonesia Kediri","5,0","(1)","Psikolog","·","Jl. Moh. Hatta No.529","0852-3368-0748","","","Rute","","","","","Tutup","· Buka Sen pukul 09.00","·"
"https://www.google.com/maps/place/Psikologis+Hana+Athia+Akhzalini,+M.Si,+CH,+CHt/data=!4m7!3m6!1s0x2e78ef184a3a89c3:0x398ff67f4c0ee79!8m2!3d-8.0574267!4d112.0665961!16s%2Fg%2F11ptlsks53!19sChIJw4k6ShjveC4Ree7A9Gf_mAM?authuser=0&hl=id&rclk=1","Psikologis Hana Athia Akhzalini, M.Si, CH, CHt","5,0","(11)","Psikoterapis","·","Jl. Tangsi No.50","0856-4577-2626","","","Rute","","","","","Tutup","· Buka pukul 13.00","·"
"https://www.google.com/maps/place/Lembaga+Psikologi+%26+Terapi+ABK+%22FLANELLA%22/data=!4m7!3m6!1s0x2e788131da6e93d5:0x3e9ab37434b7205d!8m2!3d-7.9111215!4d112.5695783!16s%2Fg%2F11h79pvbp0!19sChIJ1ZNu2jGBeC4RXSC3NHSzmj4?authuser=0&hl=id&rclk=1","Lembaga Psikologi & Terapi ABK ""FLANELLA""","4,9","(25)","Psikolog","·","Jl. Suwarno gg. Kali Rt.01 Rw.06 Dusun Dadaptulis Dalam","0853-3462-0853","","","Rute","","","https://ssl.gstatic.com/local/servicebusiness/default_user.png","""tempat terapi yang memberikan pelayanan dengan baik dan profesional.""","Tutup","· Buka Sen pukul 08.00","·"
"https://www.google.com/maps/place/Dr.+Aimee+Nugroho,+SpKJ/data=!4m7!3m6!1s0x2dd7fc314f0b9afd:0x4d19bc653b3f0659!8m2!3d-7.2976027!4d112.654619!16s%2Fg%2F11cm041hd7!19sChIJ_ZoLTzH81y0RWQY_O2W8GU0?authuser=0&hl=id&rclk=1","Dr. Aimee Nugroho, SpKJ","4,4","(29)","Psikiater","·","·","0851-0553-8888","","","Rute","","","https://ssl.gstatic.com/local/servicebusiness/default_user.png","""Dokter sangat profesional dan sabar mendengarkan keluhan.""","Tutup","· Buka Sen pukul 16.00","Royal Park 2 TK 4/41 Citraland"
"https://www.google.com/maps/place/BE+PSYCHOLOGY+%28Biro+Konsultasi+Psikologi%29/data=!4m7!3m6!1s0x2e78579b6326c141:0x8b3831406ddc7006!8m2!3d-7.8500441!4d112.0028485!16s%2Fg%2F11gk8p7pq7!19sChIJQcEmY5tXeC4RBnDcbUAxOIs?authuser=0&hl=id&rclk=1","BE PSYCHOLOGY (Biro Konsultasi Psikologi)","4,7","(20)","Psikolog","·","Regency, Perumahan Joloarto, Blk. B No.9","0815-1597-6097","","","Rute","","","https://ssl.gstatic.com/local/servicebusiness/default_user.png","""Psikolognya ramah, profesional  dan mudah dipahami terkait penjelasannya.""","Tutup","· Buka Sen pukul 08.00","·"
"https://www.google.com/maps/place/Lembaga+Psikologi+dan+konseling+Cahaya+intuisi+psikologi/data=!4m7!3m6!1s0x2e78074b6227ae11:0x65900a3ebbd3cc8!8m2!3d-7.3010691!4d112.6316303!16s%2Fg%2F11ld_lmdby!19sChIJEa4nYksHeC4RyDy966MAWQY?authuser=0&hl=id&rclk=1","Lembaga Psikologi dan konseling Cahaya intuisi psikologi","5,0","(1)","Psikolog","·","Lakarsantri Gg. III No.28","0819-9911-5292","","","Rute","","","https://ssl.gstatic.com/local/servicebusiness/default_user.png","""layanan konseling anak terbaik, konselornya ramah...""","Tutup","· Buka Sen pukul 08.00","·"
"https://www.google.com/maps/place/dr+Nalini+Muhdi+SpKJ%28K%29/data=!4m7!3m6!1s0x2dd7f9f421580061:0x60e182a0a5703a81!8m2!3d-7.2621327!4d112.7941595!16s%2Fg%2F11cn6f607f!19sChIJYQBYIfT51y0RgTpwpaCC4WA?authuser=0&hl=id&rclk=1","dr Nalini Muhdi SpKJ(K)","4,2","(19)","Psikiater","·","Jl. Raya Sutorejo Prima UtaraBlok PZ19 No.21","(031) 5925226","","","Rute","","","https://ssl.gstatic.com/local/servicebusiness/default_user.png","""Berapa biaya konsultasinya?""","","",""
"https://www.google.com/maps/place/Biro+Psikologi+Humanity+-+Sidoarjo/data=!4m7!3m6!1s0x2dd7e5bdf04a97ad:0x7ad2d80f30c8cfd4!8m2!3d-7.3748377!4d112.73731!16s%2Fg%2F11rndlnjb7!19sChIJrZdK8L3l1y0R1M_IMA_Y0no?authuser=0&hl=id&rclk=1","Biro Psikologi Humanity - Sidoarjo","4,0","(5)","Psikolog","·","Jl. Sempati No.62A","0858-5935-7791","","","Rute","","","","","Tutup","· Buka Sen pukul 08.00","·"
"https://www.google.com/maps/place/Flourish+Psychology+Center/data=!4m7!3m6!1s0x2dd7e5c11663b4bd:0xb93f55ee24744fb0!8m2!3d-7.3644796!4d112.7252749!16s%2Fg%2F11r4pfbgz8!19sChIJvbRjFsHl1y0RsE90JO5VP7k?authuser=0&hl=id&rclk=1","Flourish Psychology Center","4,3","(29)","Psikolog","·","Jl. Muria Jl. Pepelegi Indah No.35","0853-8593-0602","","","Rute","","","https://ssl.gstatic.com/local/servicebusiness/default_user.png","""Benar-benar bisa mengupas akar masalah yg dialami selama ini.""","Tutup","· Buka Sen pukul 09.00","·"
"https://www.google.com/maps/place/Layanan+Psikologi+INSPIRASI+Tuban/data=!4m7!3m6!1s0x2e7799478ea6f7b9:0xa1afa6eb230095e!8m2!3d-6.9040563!4d112.0411786!16s%2Fg%2F11sy91pp_p!19sChIJufemjkeZdy4RXgkwsm76Ggo?authuser=0&hl=id&rclk=1","Layanan Psikologi INSPIRASI Tuban","5,0","(16)","Psikolog","·","32WR+9FF, Gang Gg. Kos-Kosan","0813-5790-7640","","","Rute","","","https://ssl.gstatic.com/local/servicebusiness/default_user.png","""MasyaAllah
Layanan Psikokogi yang memuaskan
Sehat selalu Bu Indartik""","Tutup","· Buka Sen pukul 11.00","·"
"https://www.google.com/maps/place/Praktek+Psikologi+Oky+Niassafitri,+S.Psi,+M.Si,+M.Psi,+Psikolog/data=!4m7!3m6!1s0x2e79bd5f0a0051cf:0xb32348ab42cab45a!8m2!3d-7.6681796!4d111.5248339!16s%2Fg%2F11jgz9m61d!19sChIJz1EACl-9eS4RWrTKQqtII7M?authuser=0&hl=id&rclk=1","Praktek Psikologi Oky Niassafitri, S.Psi, M.Si, M.Psi, Psikolog","5,0","(6)","Psikolog","·","8GJF+PWG, Jl. Kebonsari","","","","Rute","","","https://ssl.gstatic.com/local/servicebusiness/default_user.png","""Tempatnya Bersih dan Nyaman untuk Tes psikotes dan tes lainnya""","","",""
"https://www.google.com/maps/place/Praktik+Psikolog+Rizky+Aulia+Fitriana,+M.Psi.,+Psikolog/data=!4m7!3m6!1s0x2e78579b80a896cd:0x17c767c6a83b31d5!8m2!3d-7.8299471!4d112.0316045!16s%2Fg%2F11vrv7xfrd!19sChIJzZaogJtXeC4R1TE7qMZnxxc?authuser=0&hl=id&rclk=1","Praktik Psikolog Rizky Aulia Fitriana, M.Psi., Psikolog","5,0","(7)","Psikolog","·","Jl. Banaran No.6","0858-1259-2685","","","Rute","","","https://ssl.gstatic.com/local/servicebusiness/default_user.png","""Bisa tes IQ juga di sini dan hasilnya sangat detail.""","Tutup","· Buka Sen pukul 08.00","·"
"https://www.google.com/maps/place/Unit+Psikologi+RSUD+Dr.+Soetomo+Surabaya/data=!4m7!3m6!1s0x2dd7fbdab5883bc9:0x602298784194764e!8m2!3d-7.2705188!4d112.7578646!16s%2Fg%2F11h8h37x0k!19sChIJyTuItdr71y0RTnaUQXiYImA?authuser=0&hl=id&rclk=1","Unit Psikologi RSUD Dr. Soetomo Surabaya","","","Psikolog","Tutup","PQH5+Q4X, Jl. Airlangga","(031) 15501109","http://psikologirsudsoetomosby.wordpress.com/","","Situs Web","","Rute","","","·","·","· Buka Sen pukul 08.00"
"https://www.google.com/maps/place/Biro+Psikologi+Baeks+Madiun/data=!4m7!3m6!1s0x2e79befa0ea1dc21:0xc1b48ccb6945454a!8m2!3d-7.6234277!4d111.5297538!16s%2Fg%2F11fy2nkfbm!19sChIJIdyhDvq-eS4RSkVFacuMtME?authuser=0&hl=id&rclk=1","Biro Psikologi Baeks Madiun","4,6","(19)","Psikolog","Tutup","Jalan Diponegoro No. 56 Kompleks Pertokoan Unit G","0852-3010-3342","https://sites.google.com/view/psikologi-madiun-baeks/","","Situs Web","","Rute","https://ssl.gstatic.com/local/servicebusiness/default_user.png","""pelayananan bagus tempatnya bersih 🥰""","·","·","· Buka Sen pukul 08.00"
"https://www.google.com/maps/place/Psychosense+Training+%26+Consulting/data=!4m7!3m6!1s0x2dd628238dfc228f:0xd498071efa3a68bc!8m2!3d-7.9775826!4d112.6276695!16s%2Fg%2F11b69hvvsj!19sChIJjyL8jSMo1i0RvGg6-h4HmNQ?authuser=0&hl=id&rclk=1","Psychosense Training & Consulting","4,3","(11)","Psikolog","Tutup","Jl. Arjuno No.26","0852-3196-0102","http://psychosense.com/","","Situs Web","","Rute","https://ssl.gstatic.com/local/servicebusiness/default_user.png","""Jujur, bener benar dapat pencerahan setelah sesi konseling.""","·","·","· Buka Sen pukul 08.00"
"https://www.google.com/maps/place/Rumah+Sakit+Menur+Provinsi+Jawa+Timur/data=!4m7!3m6!1s0x2dd7fbbc4ed41345:0x9a7a8ae762918f4e!8m2!3d-7.2853922!4d112.7621621!16s%2Fg%2F1tc_hjzh!19sChIJRRPUTrz71y0RTo-RYueKepo?authuser=0&hl=id&rclk=1","Rumah Sakit Menur Provinsi Jawa Timur","4,9","(2.419)","Klinik Kesehatan Mental","Buka 24 jam","·","(031) 5021635","https://rsmenur.jatimprov.go.id/","","Situs Web","","Rute","https://ssl.gstatic.com/local/servicebusiness/default_user.png","""Pelayanan bagus , dokternya , terapisnya dll ramah semua nya""","·","Jl. Raya Menur No.120",""
"https://www.google.com/maps/place/CONQUERA+PSIKOLOGI/data=!4m7!3m6!1s0x2dd7fd8cf095c30b:0xb54935abc6a5c24f!8m2!3d-7.2752767!4d112.7104258!16s%2Fg%2F11sf6w7zvz!19sChIJC8OV8Iz91y0RT8Klxqs1SbU?authuser=0&hl=id&rclk=1","CONQUERA PSIKOLOGI","4,1","(33)","Psikolog","","Jl. Raya Simo Gunung No.12 A","(031) 5621177","http://www.conquerapsikologi.com/","","Situs Web","","Rute","https://ssl.gstatic.com/local/servicebusiness/default_user.png","""The best dan recommend banget""","·","",""
"https://www.google.com/maps/place/Psikolog+berkendara/data=!4m7!3m6!1s0x2dd7db1bd3fcfd61:0xc560537512393949!8m2!3d-7.6038587!4d112.7949459!16s%2Fg%2F11pf948sjs!19sChIJYf380xvb1y0RSTk5EnVTYMU?authuser=0&hl=id&rclk=1","Psikolog berkendara","4,5","(2)","Psikolog","·","Jalan Dokter Soetomo No.17","","","","Rute","","","","","","",""
"https://www.google.com/maps/place/Unit+Pelayanan+Psikologi+UNAIR/data=!4m7!3m6!1s0x2dd7fbd47d792827:0xf8c3ef352affbf4b!8m2!3d-7.2725062!4d112.7592293!16s%2Fg%2F1pzrw88_7!19sChIJJyh5fdT71y0RS7__KjXvw_g?authuser=0&hl=id&rclk=1","Unit Pelayanan Psikologi UNAIR","4,2","(10)","Klinik Tanpa Perjanjian","·","Gedung Fakultas Psikologi UNAIR, Jl. Dharmawangsa Dalam No.4-6 Lt. 2","0857-8508-8185","","","Rute","","","","","Tutup","· Buka Sen pukul 08.00","·"
"https://www.google.com/maps/place/Goclass/data=!4m7!3m6!1s0x2dd7e6ce50eea73f:0x7645308f1c3bcfcd!8m2!3d-7.4540574!4d112.7302417!16s%2Fg%2F11g8x377hk!19sChIJP6fuUM7m1y0Rzc87HI8wRXY?authuser=0&hl=id&rclk=1","Goclass","4,9","(35)","Penasihat","Buka","·","0823-8604-5243","https://www.alfiandi-wisdom.com/","","Situs Web","","Rute","https://ssl.gstatic.com/local/servicebusiness/default_user.png","""Saya ke goclass untuk konseling masalah pernikahan saya.""","·","Jalan Perumahan Jl. Masjid Perumahan Bluru Permai No.FP/24","· Tutup pukul 20.30"
"https://www.google.com/maps/place/Psikolog.Kami+%28+MF+Hakim+Psikolog%29/data=!4m7!3m6!1s0x2e780b4b0bdd81d3:0x258204f6ea4e6736!8m2!3d-7.4388547!4d112.6073452!16s%2Fg%2F11ny064hq5!19sChIJ04HdC0sLeC4RNmdO6vYEgiU?authuser=0&hl=id&rclk=1","Psikolog.Kami ( MF Hakim Psikolog)","5,0","(2)","Psikolog","·","3 2 no 12 13, Jl. Raya Semambung","0882-0093-00703","","","Rute","","","https://ssl.gstatic.com/local/servicebusiness/default_user.png","""Layanan baik dan Profesional.""","Tutup","· Buka Sen pukul 13.00","·"
"https://www.google.com/maps/place/Psikolog+Daisy+Poegoeh+S.Psi+M.Si+Psikolog/data=!4m7!3m6!1s0x2e7883dad7505a07:0x4e2dafbd29ff18a8!8m2!3d-7.8243252!4d112.7236602!16s%2Fg%2F11v3n2b9c5!19sChIJB1pQ19qDeC4RqBj_Kb2vLU4?authuser=0&hl=id&rclk=1","Psikolog Daisy Poegoeh S.Psi M.Si Psikolog","5,0","(4)","Psikolog","·","Perum Griya Husada blok E3 no 16","","","","Rute","","","","","Tutup","· Buka Sen pukul 08.00",""
"https://www.google.com/maps/place/Poli+Psikologi+RSUD+Mardi+Waluyo+Kota+Blitar/data=!4m7!3m6!1s0x2e78eb32d6fcdfbd:0x7413bbe355266d92!8m2!3d-8.1098326!4d112.1802944!16s%2Fg%2F11gsmthtjn!19sChIJvd_81jLreC4Rkm0mVeO7E3Q?authuser=0&hl=id&rclk=1","Poli Psikologi RSUD Mardi Waluyo Kota Blitar","5,0","(1)","Departemen Rumah Sakit","","·","","https://blitarkota.go.id/berita/rsud-mardi-waluyo-kota-blitar-sediakan-klinik-psikologi","","Situs Web","","Rute","","","·","V5RJ+347",""
"https://www.google.com/maps/place/Poli+Psikiatri+RS+Muhammadiyah+Lamongan/data=!4m7!3m6!1s0x2e77f1148a1a0317:0x779fbce04ac9e760!8m2!3d-7.108929!4d112.404257!16s%2Fg%2F11p_0fvvnq!19sChIJFwMaihTxdy4RYOfJSuC8n3c?authuser=0&hl=id&rclk=1","Poli Psikiatri RS Muhammadiyah Lamongan","5,0","(3)","Psikiater","·","·","","","","Rute","","","","","","","Jl. Jaksa Agung Suprapto No.76"
"https://www.google.com/maps/place/Pusat+Hipnoterapi+Kediri/data=!4m7!3m6!1s0x2e785d9d8fa00215:0x436cec02c9c90de9!8m2!3d-7.7574533!4d112.15309!16s%2Fg%2F11vcr0x2nt!19sChIJFQKgj51deC4R6Q3JyQLsbEM?authuser=0&hl=id&rclk=1","Pusat Hipnoterapi Kediri","5,0","(1)","Psikolog","Buka 24 jam","Mojolegi, RT.01/RW.013","0857-0444-4457","https://hipnoterapi.my.id/","","Situs Web","","Rute","https://ssl.gstatic.com/local/servicebusiness/default_user.png","""Saya lebih tenang sekarang.""","·","·",""
"https://www.google.com/maps/place/dr.+Buntoro,Sp.KJ/data=!4m7!3m6!1s0x2e7882a9d2ce54ef:0xc25431c2487f24c6!8m2!3d-7.973398!4d112.623606!16s%2Fg%2F1pztd4f_0!19sChIJ71TO0qmCeC4RxiR_SMIxVMI?authuser=0&hl=id&rclk=1","dr. Buntoro,Sp.KJ","4,1","(17)","Psikiater","·","Apotek Semeru, Jl. Semeru No.45, RW.3","0812-3382-082","","","Rute","","","https://ssl.gstatic.com/local/servicebusiness/default_user.png","""dokternya ramah, sabar, penjelasannya detail dan mudah dimengerti""","Tutup","· Buka Sen pukul 08.30","·"
"https://www.google.com/maps/place/Biro+Psikologi+Meta+Power+Consultant+-+Klinik+Hipnoterapi,+Psikologi+%26+Konsultan+SDM/data=!4m7!3m6!1s0x2dd7e553340461e5:0x52fd8d86068d6436!8m2!3d-7.3941632!4d112.7840071!16s%2Fg%2F11frfkk3mz!19sChIJ5WEENFPl1y0RNmSNBoaN_VI?authuser=0&hl=id&rclk=1","Biro Psikologi Meta Power Consultant - Klinik Hipnoterapi, Psikologi & Konsultan SDM","4,8","(23)","Konsultan","Tutup","Jl. Kijogotoyo RT.7/RW.2","0877-4802-3194","http://metapowerconsultant.com/","","Situs Web","","Rute","https://ssl.gstatic.com/local/servicebusiness/default_user.png","""Worth it untuk yang membutuhkan layanan","·","·","· Buka Sen pukul 09.00"
"https://www.google.com/maps/place/Airis+Psikologi/data=!4m7!3m6!1s0x2e7847850bf7470d:0x6d9b7075744689e3!8m2!3d-7.5890826!4d112.1040764!16s%2Fg%2F11xdxrmdn0!19sChIJDUf3C4VHeC4R44lGdHVwm20?authuser=0&hl=id&rclk=1","Airis Psikologi","5,0","(4)","Psikolog","·","Jl. Trunojoyo No.34 A","0822-2987-9048","","","Rute","","","https://ssl.gstatic.com/local/servicebusiness/default_user.png","""Utk pelayanan konselingnya sangat recommended, terimkasih Bu Ely 🤗""","Tutup","· Buka Sen pukul 08.00","·"
"https://www.google.com/maps/place/Bright+Soul+Layanan+Psikologi/data=!4m7!3m6!1s0x2dd7fbb8c833d619:0xd86618870977b2d2!8m2!3d-7.274528!4d112.7912202!16s%2Fg%2F11n4zlglcd!19sChIJGdYzyLj71y0R0rJ3CYcYZtg?authuser=0&hl=id&rclk=1","Bright Soul Layanan Psikologi","4,9","(14)","Psikolog","","Jl. Wisma Permai XII No.15","0851-2668-3419","https://www.instagram.com/brightsoul.co/?hl=en","","Situs Web","","Rute","https://ssl.gstatic.com/local/servicebusiness/default_user.png","""Terapi sama Kak Ais masih on going sampe skrg.""","·","",""
"https://www.google.com/maps/place/Biro+Psikologi+Hyui/data=!4m7!3m6!1s0x2e78ef0b87995747:0x4c8b4b439266c5d4!8m2!3d-8.0631215!4d112.0682099!16s%2Fg%2F11f8_c3zky!19sChIJR1eZhwvveC4R1MVmkkNLi0w?authuser=0&hl=id&rclk=1","Biro Psikologi Hyui","5,0","(113)","Psikolog","Tutup","Jl. Raya Kediri - Blitar No.34","0812-9621-8656","http://biropsikologihyui.com/","","Situs Web","","Rute","https://ssl.gstatic.com/local/servicebusiness/default_user.png","""Konselingnya seru sekali, tempat ngobrol enak dan professional""","·","·","· Buka Sen pukul 09.00"
"https://www.google.com/maps/place/Mutiara+Hati+Counseling+Center/data=!4m7!3m6!1s0x2e784687abdcb01d:0xf47a2b48c70202ee!8m2!3d-7.6169318!4d112.0981746!16s%2Fg%2F11c5fz0x6f!19sChIJHbDcq4dGeC4R7gICx0grevQ?authuser=0&hl=id&rclk=1","Mutiara Hati Counseling Center","4,8","(25)","Psikoterapis","·","Raya 68A, Drenges., Jl. Ngronggot-Kertosono","0821-3778-0022","","","Rute","","","https://ssl.gstatic.com/local/servicebusiness/default_user.png","""Recommended","Tutup","· Buka Sen pukul 07.00","·"
"https://www.google.com/maps/place/Praktek+Psikolog+Dan+Perawatan+Kesehatan+Totok+Agus+Suyono,+M.mkes,+Psi/data=!4m7!3m6!1s0x2dd629eb06af51ad:0x413ecc7a55fcaa0a!8m2!3d-7.9376278!4d112.6410902!16s%2Fg%2F11b6m108vz!19sChIJrVGvBusp1i0RCqr8VXrMPkE?authuser=0&hl=id&rclk=1","Praktek Psikolog Dan Perawatan Kesehatan Totok Agus Suyono, M.mkes, Psi","","","Psikolog","·","3J6R+WCW, Jl. Simpang Borobudur Utara","0817-9600-375","","","Rute","","","","","Tutup","· Buka Sen pukul 08.00","·"
"https://www.google.com/maps/place/Tes+STIFIn+%26+Tarot+Reading+%28Bersertifikat%29+Bojonegoro/data=!4m7!3m6!1s0x2e7781ee49e7f5d5:0x5793e7704a87533f!8m2!3d-7.1617389!4d111.8955173!16s%2Fg%2F11v6dc1qd6!19sChIJ1fXnSe6Bdy4RP1OHSnDnk1c?authuser=0&hl=id&rclk=1","Tes STIFIn & Tarot Reading (Bersertifikat) Bojonegoro","5,0","(20)","Psikoterapis","·","RVQW+873, Gg. Aspol","0812-1649-5763","","","Rute","","","https://ssl.gstatic.com/local/servicebusiness/default_user.png","""Recommended deh tes stifin di sini.""","Buka 24 jam","","·"
"https://www.google.com/maps/place/Rumah+Sakit+Jiwa+%22RSJ%22+Dr+Radjiman+Wediodiningrat+LAWANG/data=!4m7!3m6!1s0x2dd7d357f1cc5f01:0x1011d7ec7b8516b9!8m2!3d-7.8249138!4d112.7155527!16s%2Fg%2F1x5cwv76!19sChIJAV_M8VfT1y0RuRaFe-zXERA?authuser=0&hl=id&rclk=1","Rumah Sakit Jiwa ""RSJ"" Dr Radjiman Wediodiningrat LAWANG","4,6","(856)","Psikolog","·","·","(0341) 429067","","","Rute","","","https://ssl.gstatic.com/local/servicebusiness/default_user.png","""Pertama kali datang kesini hari ini dan periksa ke","Tutup","· Buka Sen pukul 08.00","Jl. A Yani"
"https://www.google.com/maps/place/Praktek+Psikolog+Hasiera+Consulting_Rumah+Terapi+ABK+ARA+%26+Cheerful+Playground/data=!4m7!3m6!1s0x2dd7e5c52a796fcd:0xf1494b57eb766cb4!8m2!3d-7.3694638!4d112.7569068!16s%2Fg%2F11qryxwjz4!19sChIJzW95KsXl1y0RtGx261dLSfE?authuser=0&hl=id&rclk=1","Praktek Psikolog Hasiera Consulting_Rumah Terapi ABK ARA & Cheerful Playground","5,0","(8)","Psikolog","·","Merpati Kehutanan, Perumahan Jl. Johar No.1 Blok. A","0878-6537-9102","","","Rute","","","https://ssl.gstatic.com/local/servicebusiness/default_user.png","""suasana nyaman untuk konsultasi.""","Tutup","· Buka Sen pukul 09.00","·"
"https://www.google.com/maps/place/Biro+Psikologi+MAHYA+CONSULTANT/data=!4m7!3m6!1s0x2e7851209e9bc8a9:0x746c97a31dcc5fd5!8m2!3d-7.7918121!4d112.0271281!16s%2Fg%2F11fsynsw_l!19sChIJqcibniBReC4R1V_MHaOXbHQ?authuser=0&hl=id&rclk=1","Biro Psikologi MAHYA CONSULTANT","5,0","(4)","Psikolog","·","Perumahan Permata Jingga Blk. A-3","0857-3599-9881","","","Rute","","","https://ssl.gstatic.com/local/servicebusiness/default_user.png","""Profesional,berkualitas dan terjangkau.""","Buka","· Tutup pukul 14.00","·"
"https://www.google.com/maps/place/Psytech+-+Yoga+Barata+Psikolog/data=!4m7!3m6!1s0x2dd6296e52648fe3:0xf083b239fb784919!8m2!3d-7.9405423!4d112.6438109!16s%2Fg%2F11tfmr26c2!19sChIJ449kUm4p1i0RGUl4-zmyg_A?authuser=0&hl=id&rclk=1","Psytech - Yoga Barata Psikolog","5,0","(58)","Psikolog","","Jl. Achmad Yani Gg. II No.21","0899-0341-999","http://www.mastershadow.com/","","Situs Web","","Rute","https://ssl.gstatic.com/local/servicebusiness/default_user.png","""Very recommended untuk penderita depresi.""","·","",""
"https://www.google.com/maps/place/PUSPAGA+KABUPATEN+TULUNGAGUNG/data=!4m7!3m6!1s0x2e78e3ceac628263:0xa1933eceb0c70fb5!8m2!3d-8.0556308!4d111.9080554!16s%2Fg%2F11kc674502!19sChIJY4JirM7jeC4RtQ_HsM4-k6E?authuser=0&hl=id&rclk=1","PUSPAGA KABUPATEN TULUNGAGUNG","5,0","(1)","Psikolog","·","Jl. Pahlawan No.1","","","","Rute","","","https://ssl.gstatic.com/local/servicebusiness/default_user.png","""Sukses Terus PUSPAGA Tulungagung 💪""","Tutup","· Buka Sen pukul 09.00",""
"https://www.google.com/maps/place/HIMPSI+MALANG/data=!4m7!3m6!1s0x2e7881f608dadb5f:0x37414e2d7524441e!8m2!3d-7.9210537!4d112.5958504!16s%2Fg%2F11fth0lzdy!19sChIJX9vaCPaBeC4RHkQkdS1OQTc?authuser=0&hl=id&rclk=1","HIMPSI MALANG","5,0","(1)","Psikolog","·","3HHW+H8H, Jl. Raya Tlogomas","","","","Rute","","","","","","",""
"https://www.google.com/maps/place/Griya+Layanan+Psikologi+Cahyaning+Perwita/data=!4m7!3m6!1s0x2e780d2b3781824b:0xf8eda57c91327674!8m2!3d-7.4738701!4d112.4341173!16s%2Fg%2F11s_wp5lgy!19sChIJS4KBNysNeC4RdHYykXyl7fg?authuser=0&hl=id&rclk=1","Griya Layanan Psikologi Cahyaning Perwita","5,0","(8)","Rumah Sakit Jiwa","","Jl. Suratan AMD No.9","0857-7773-7393","https://instagram.com/cahyaningperwita.idn","","Situs Web","","Rute","https://ssl.gstatic.com/local/servicebusiness/default_user.png","""Recommended untuk biro konsultasi","·","",""
"https://www.google.com/maps/place/metaPROGRESS+Training+and+Consulting/data=!4m7!3m6!1s0x2dd7e4671a543671:0x368425c695866658!8m2!3d-7.39486!4d112.7366488!16s%2Fg%2F11c532pldj!19sChIJcTZUGmfk1y0RWGaGlcYlhDY?authuser=0&hl=id&rclk=1","metaPROGRESS Training and Consulting","4,9","(170)","Psikolog","Tutup","·","0812-3456-0974","https://www.metaprogress.org/","","Situs Web","","Rute","https://ssl.gstatic.com/local/servicebusiness/default_user.png","""Terimakasih atas ilmu yang diberikan sangat luar biasa""","","","· Buka pukul 09.00"
"https://www.google.com/maps/place/Pusat+Layanan+Psikologi+Universitas+Katolik+Widya+Mandala+Surabaya/data=!4m7!3m6!1s0x2dd7fbc3ed48e57b:0xcd7893dedaf42bc7!8m2!3d-7.280711!4d112.744184!16s%2Fg%2F11b6xdvl92!19sChIJe-VI7cP71y0Rxyv02t6TeM0?authuser=0&hl=id&rclk=1","Pusat Layanan Psikologi Universitas Katolik Widya Mandala Surabaya","4,3","(12)","Psikolog","·","Jl. Mojopahit No.4","(031) 5678478","","","Rute","","","https://ssl.gstatic.com/local/servicebusiness/default_user.png","""Berada di tengah kota & relatif mudah dijangkau..""","Tutup","· Buka Sen pukul 08.00","·"
"https://www.google.com/maps/place/Biro+Analisa+Sidik+Jari+%26+Psikolog+%28+Penanggung+Jawab+:+Ir.Arief+Yunarto,Ak,M.Psi+-+Pakar+Biometrik+%29/data=!4m7!3m6!1s0x2e78573d9297275b:0x4a5fa237b2dcc7d8!8m2!3d-7.8347746!4d112.0208622!16s%2Fg%2F11pdy0ygnt!19sChIJWyeXkj1XeC4R2MfcsjeiX0o?authuser=0&hl=id&rclk=1","Biro Analisa Sidik Jari & Psikolog ( Penanggung Jawab : Ir.Arief Yunarto,Ak,M.Psi - Pakar Biometrik )","5,0","(6)","Psikolog","·","Perum Griya Tirtoudan Permai Blok A No. 22","0813-5947-3665","","","Rute","","","","","Tutup","· Buka Sen pukul 08.30","·"
"https://www.google.com/maps/place/Pusat+Studi+Psikologi+dan+Sains/data=!4m7!3m6!1s0x2dd6292bf58d146b:0x69ab5729e3199358!8m2!3d-7.9523566!4d112.6470989!16s%2Fg%2F11rhw9vmht!19sChIJaxSN9Ssp1i0RWJMZ4ylXq2k?authuser=0&hl=id&rclk=1","Pusat Studi Psikologi dan Sains","5,0","(5)","Psikoterapis","·","2JXW+3R5","","","","Rute","","","","","Tutup","· Buka Sen pukul 08.00",""
"https://www.google.com/maps/place/Lembaga+Psikologi+Darul+Ulum+%28Lapsidu%29/data=!4m7!3m6!1s0x2e786b2e570a7e85:0x14fcf574767c7860!8m2!3d-7.5436445!4d112.2751414!16s%2Fg%2F11h4202hkq!19sChIJhX4KVy5reC4RYHh8dnT1_BQ?authuser=0&hl=id&rclk=1","Lembaga Psikologi Darul Ulum (Lapsidu)","4,3","(8)","Psikolog","·","Unnamed Road","0812-8001-3775","","","Rute","","","https://ssl.gstatic.com/local/servicebusiness/default_user.png","""Nyaman banget tempatnya, apalagi pas konseling.""","Tutup","· Buka pukul 09.00","·"
"https://www.google.com/maps/place/Klinik+Psikologi+Islam/data=!4m7!3m6!1s0x2e77fe2e84b81581:0x301f59f609d687a5!8m2!3d-7.1472827!4d112.6116939!16s%2Fg%2F11b6dq3d97!19sChIJgRW4hC7-dy4RpYfWCfZZHzA?authuser=0&hl=id&rclk=1","Klinik Psikologi Islam","","","Klinik Tanpa Perjanjian","·","JL Marabahan, No. 32, GKB","(031) 70609452","","","Rute","","","","","","",""
"","","","","","","","","","","","","","","","","",""