"Alamat","Nama Tempat","Rating","Review","Items","W4Efsd 2","W4Efsd 3","W4Efsd 4","W4Efsd 5","W4Efsd 6","UsdlK","lcr4fd href","Cw1rxd","R8c4Qb","Cw1rxd 2","R8c4Qb 2","Jn12ke src","ah5Ghc","doJOZc","W4Efsd 7"
"","","","","","","","","","","","","","","","","","","",""
"","","","","","","","","","","","","","","","","","","",""
"https://www.google.com/maps/place/Yayasan+Praktek+Psikolog+Indonesia/data=!4m7!3m6!1s0x2e69f04dd8717dc1:0xccc658e4b4b59bb9!8m2!3d-6.272109!4d106.764778!16s%2Fg%2F1pzr_qqc1!19sChIJwX1x2E3waS4RuZu1tORYxsw?authuser=0&hl=id&rclk=1","Yayasan Praktek Psikolog Indonesia","4,7","(183)","Psikolog","·","Gedung Bintaro Bussiness Centre, Jl. RC. Veteran Raya No.1-I, RT.1/RW.3","Buka","· Tutup pukul 20.00","·","(021) 7362639","http://www.praktekpsikolog.com/","","Situs Web","","Rute","https://ssl.gstatic.com/local/servicebusiness/default_user.png","""Pelayanan sangat bagus dan profesional""","",""
"https://www.google.com/maps/place/Klinik+Utama+Sejiwaku:+Klinik+Psikiater+Anak+dan+Dewasa+Jakarta+Barat/data=!4m7!3m6!1s0x2e69f7fa21dbecc7:0xda6e81b3a1215651!8m2!3d-6.1907762!4d106.7605493!16s%2Fg%2F11kbxkwp95!19sChIJx-zbIfr3aS4RUVYhobOBbto?authuser=0&hl=id&rclk=1","Klinik Utama Sejiwaku: Klinik Psikiater Anak dan Dewasa Jakarta Barat","5,0","(1.147)","Rumah Sakit","·","·","Tutup","· Buka Sen pukul 08.00","Plaza Jl. Perjuangan Blok A No.2, RT.1/RW.7","0899-7225-800","http://www.kliniksejiwaku.com/","","Situs Web","","Rute","https://ssl.gstatic.com/local/servicebusiness/default_user.png","""Pelayanan bagus, dan dokternya juga membantu dalam tahapan konseling.""","","·"
"https://www.google.com/maps/place/ADITI+PSYCHOLOGICAL+CENTER/data=!4m7!3m6!1s0x2e69f357f18920c3:0x8d0403572bae22e!8m2!3d-6.261887!4d106.830339!16s%2Fg%2F11q94jm0jk!19sChIJwyCJ8VfzaS4RLuK6cjVA0Ag?authuser=0&hl=id&rclk=1","ADITI PSYCHOLOGICAL CENTER","4,9","(1.182)","Psikolog","·","Komplek Perkantoran, Jl. Kalibata Tengah No.35 C, RT.11/RW.7","Buka","· Tutup pukul 21.00","·","0812-1290-9085","http://www.aditipsychocenter.com/","","Situs Web","","Rute","https://ssl.gstatic.com/local/servicebusiness/default_user.png","""Psikolognya ramah, mendengarkan dengan baik, dan merespon dengan baik.""","",""
"https://www.google.com/maps/place/Bileva+Konsultasi+Dan+Terapi+Psikologi/data=!4m7!3m6!1s0x2e69ed811da9b80d:0xc73fb6721cfa008e!8m2!3d-6.2933776!4d106.8577954!16s%2Fg%2F11c1nyrnj0!19sChIJDbipHYHtaS4RjgD6HHK2P8c?authuser=0&hl=id&rclk=1","Bileva Konsultasi Dan Terapi Psikologi","5,0","(86)","Psikolog","·","Jl. Waru No.46, RT.2/RW.3","Buka","· Tutup pukul 13.00","·","0859-5966-6535","","","Rute","","","https://ssl.gstatic.com/local/servicebusiness/default_user.png","""Sangat membantu bagi tumbuh kembang putera/puteri kita yang memerlukan.""","",""
"https://www.google.com/maps/place/Aditi+Psychological+Center+%7C+Psikolog+Jakarta+Pusat+-+Cempaka+Putih/data=!4m7!3m6!1s0x2e69f500089f3afd:0xa8b11234c00405f3!8m2!3d-6.1909654!4d106.8637256!16s%2Fg%2F11x0hngqfs!19sChIJ_TqfCAD1aS4R8wUEwDQSsag?authuser=0&hl=id&rclk=1","Aditi Psychological Center | Psikolog Jakarta Pusat - Cempaka Putih","5,0","(548)","Klinik Kesehatan Mental","·","Jl. Percetakan Negara IX A No.45, RT.9/RW.4","Buka","· Tutup pukul 21.00","·","0821-2300-1892","http://aditipsychocenter.com/","","Situs Web","","Rute","https://ssl.gstatic.com/local/servicebusiness/default_user.png","""Psikolognya mendengarkan saya dengan baik, diberi solusi pula.""","",""
"https://www.google.com/maps/place/RSKJ+Dharmawangsa+-+Konsultasi+Psikolog+%26+Psikiater+Jakarta/data=!4m7!3m6!1s0x2e69f176de42e84f:0x1e0b5ed407442b7e!8m2!3d-6.2551195!4d106.8026202!16s%2Fg%2F11b7wn16j9!19sChIJT-hC3nbxaS4RfitEB9ReCx4?authuser=0&hl=id&rclk=1","RSKJ Dharmawangsa - Konsultasi Psikolog & Psikiater Jakarta","4,2","(179)","Klinik Kesehatan Mental","·","·","Buka","· Tutup pukul 12.00 · Buka kembali pukul 14.00","RSK Dharmawangsa Jl. Dharmawangsa Raya No.13 5, RT.5/RW.2","(021) 7394484","http://www.rsdharmawangsa.com/","","Situs Web","","Rute","https://ssl.gstatic.com/local/servicebusiness/default_user.png","""Ruang praktik dokter juga lebih bersuasana rumah, friendly.""","","·"
"https://www.google.com/maps/place/Psikolog+Jennyfer/data=!4m7!3m6!1s0x2e69f73b09612d5b:0xc2c4abc9b3e366ce!8m2!3d-6.1824304!4d106.7257582!16s%2Fg%2F11h5vfh17c!19sChIJWy1hCTv3aS4Rzmbjs8mrxMI?authuser=0&hl=id&rclk=1","Psikolog Jennyfer","5,0","(320)","Psikolog","·","Perumahan Puri Mansion, Jl. Atlanta III No.58, RT.2/RW.1","Tutup","· Buka Sen pukul 11.00","·","0812-8796-8664","http://instagram.com/jen.psikolog/","","Situs Web","","Rute","https://ssl.gstatic.com/local/servicebusiness/default_user.png","""Baru pertama kali dateng , tapi dokternya baik dan ramah bgt .""","",""
"https://www.google.com/maps/place/Praktek+Psikolog+Aurora+Putri+Astari,+M.Psi,+Psikolog./data=!4m7!3m6!1s0x2e6a1fea775b2b93:0x12bb201ac94c6dab!8m2!3d-6.128207!4d106.8526043!16s%2Fg%2F11h1yx2pj6!19sChIJkytbd-ofai4Rq21MyRoguxI?authuser=0&hl=id&rclk=1","Praktek Psikolog Aurora Putri Astari, M.Psi, Psikolog.","4,9","(420)","Psikolog","·","5, Jl. Teratai No.42, RT.5/RW.3","Tutup","· Buka Sen pukul 10.00","·","0819-9780-0089","http://www.triditalentaindonesia.com/","","Situs Web","","Rute","https://ssl.gstatic.com/local/servicebusiness/default_user.png","""Penjelasan dan konseling nya membantu, detail, dan nyaman""","",""
"https://www.google.com/maps/place/Insight+Psikologi+%5BJaktim%5D+%7C+Psikolog+Konseling+Mental+Health+%26+Pernikahan+%7C+Terapi+Tumbuh+Kembang+Anak+%7C+Tes+IQ-Minat+Bakat/data=!4m7!3m6!1s0x2e69f495c8c19041:0x55f4b1adc2809ef4!8m2!3d-6.1829701!4d106.899004!16s%2Fg%2F11cl_kmp52!19sChIJQZDByJX0aS4R9J6Awq2x9FU?authuser=0&hl=id&rclk=1","Insight Psikologi [Jaktim] | Psikolog Konseling Mental Health & Pernikahan | Terapi Tumbuh Kembang Anak | Tes IQ-Minat Bakat","4,9","(155)","Psikolog","·","·","Buka","· Tutup pukul 15.00","Jl. Kamojang No.3A, RT.1/RW.4","0877-7768-4348","https://insightpsikologi.com/","","Situs Web","","Rute","https://ssl.gstatic.com/local/servicebusiness/default_user.png","""","","·"
"https://www.google.com/maps/place/Praktek+Psikolog+Dianda+Azani/data=!4m7!3m6!1s0x2e69f3c1d04ad941:0x3afcfa32761ba269!8m2!3d-6.2540911!4d106.8455826!16s%2Fg%2F11h2hjrfx_!19sChIJQdlK0MHzaS4RaaIbdjL6_Do?authuser=0&hl=id&rclk=1","Praktek Psikolog Dianda Azani","5,0","(15)","Psikolog","·","Jl. Duren Tiga Indah IV No.G 23 A, RT.5/RW.7","Buka","· Tutup pukul 17.00","·","0878-7051-9230","http://www.azanidianda.com/","","Situs Web","","Rute","https://ssl.gstatic.com/local/servicebusiness/default_user.png","""Bagus banget""","",""
"https://www.google.com/maps/place/Bicarakan+-+Konsultasi+%26+Konseling+dengan+Psikolog+Profesional/data=!4m7!3m6!1s0x2e69f1026963e535:0x2d2f919c22ba7cbe!8m2!3d-6.2285654!4d106.7999714!16s%2Fg%2F11mvzm2rqv!19sChIJNeVjaQLxaS4Rvny6IpyRLy0?authuser=0&hl=id&rclk=1","Bicarakan - Konsultasi & Konseling dengan Psikolog Profesional","4,8","(165)","Psikolog","·","IDX Tower 1, Jl. Jenderal Sudirman No.304 Level 3, RT.1/RW.3","Buka","· Tutup pukul 20.00","·","0819-1000-9224","https://www.bicarakan.id/","","Situs Web","","Rute","https://ssl.gstatic.com/local/servicebusiness/default_user.png","""Seru belajar tentang fisikolog dengan penuh pengalaman yang lebih baik""","",""
"https://www.google.com/maps/place/Yayasan+Praktek+Psikolog+Indonesia+Cabang+Rawamangun/data=!4m7!3m6!1s0x2e69f520cea88273:0xd38abffc9fcd22d0!8m2!3d-6.1938756!4d106.8944539!16s%2Fg%2F11qn5_92g0!19sChIJc4KoziD1aS4R0CLNn_y_itM?authuser=0&hl=id&rclk=1","Yayasan Praktek Psikolog Indonesia Cabang Rawamangun","4,8","(22)","Psikolog","·","Gedung East Square Business Centre, Antara Bank Mandiri dan Ace Hardware/az.ko, Jl. Pemuda No.65 Lt.1, RT.1/RW.8","Tutup","· Buka Sen pukul 08.00","·","0812-1345-8601","http://www.praktekpsikolog.com/","","Situs Web","","Rute","https://ssl.gstatic.com/local/servicebusiness/default_user.png","""Saya konsul dengan ibu Erry sangat bagus, dan juga professional.""","",""
"https://www.google.com/maps/place/Psikiater+dr.+DEQUARTA+SPLINARIA+UMAR,+Sp.K.J./data=!4m7!3m6!1s0x2e69f78606e59cd5:0xb5630b86a8f22cb8!8m2!3d-6.197637!4d106.7655491!16s%2Fg%2F11pzrgrzzb!19sChIJ1ZzlBob3aS4RuCzyqIYLY7U?authuser=0&hl=id&rclk=1","Psikiater dr. DEQUARTA SPLINARIA UMAR, Sp.K.J.","4,7","(34)","Psikiater","·","Jalan Lapangan Bola No.3 D RT/RW 006/01, RT.6/RW.1","Tutup","· Buka Sel pukul 16.00","·","0812-9278-7878","","","Rute","","","https://ssl.gstatic.com/local/servicebusiness/default_user.png","""Dokter nya mantap baik obatnya lengkap murah""","",""
"https://www.google.com/maps/place/Rumah+Bicara+Puri+Indah+-+Konseling+Psikolog+di+Jakarta+Barat/data=!4m7!3m6!1s0x2e69f714ed16387d:0x377f7b82cba77fb1!8m2!3d-6.193162!4d106.7243495!16s%2Fg%2F11tn8dyz4v!19sChIJfTgW7RT3aS4RsX-ny4J7fzc?authuser=0&hl=id&rclk=1","Rumah Bicara Puri Indah - Konseling Psikolog di Jakarta Barat","5,0","(171)","Psikolog","·","Blok RI 38B, RT.002/RW.012","Buka","· Tutup pukul 20.00","·","0819-1000-9224","https://www.bicarakan.id/","","Situs Web","","Rute","https://ssl.gstatic.com/local/servicebusiness/default_user.png","""Psikolognya ramah sekali dan membantu saya untuk menemukan akar masalah.""","",""
"https://www.google.com/maps/place/AMG+CLINIC+-+Klinik+Tumbuh+Kembang+Anak+%26+Klinik+Psikologi/data=!4m7!3m6!1s0x2e69f3008bbf20db:0x122afaa3fd37967d!8m2!3d-6.2544662!4d106.8661273!16s%2Fg%2F12mm854jj!19sChIJ2yC_iwDzaS4RfZY3_aP6KhI?authuser=0&hl=id&rclk=1","AMG CLINIC - Klinik Tumbuh Kembang Anak & Klinik Psikologi","4,9","(256)","Psikolog","·","Jl. Mesjid Bend. II No.54, RT.2/RW.7","Buka","· Tutup pukul 17.00","·","0851-0140-3939","http://amgclinic.co.id/","","Situs Web","","Rute","https://ssl.gstatic.com/local/servicebusiness/default_user.png","""Pelayanannya bagus, hasil cepat,","",""
"https://www.google.com/maps/place/Praktek+Psikolog+Fatma+Nur+Aqmarina/data=!4m7!3m6!1s0x2e69eded90c1a40d:0x6fd40ac51c824434!8m2!3d-6.3232623!4d106.8297196!16s%2Fg%2F11f6cs4m87!19sChIJDaTBkO3taS4RNESCHMUK1G8?authuser=0&hl=id&rclk=1","Praktek Psikolog Fatma Nur Aqmarina","5,0","(21)","Psikolog","·","Jl. Joe Klp. Tiga Gg. H. Salam No.39, RT.1/RW.3","Buka","· Tutup pukul 17.00","·","0856-9796-1197","","","Rute","","","https://ssl.gstatic.com/local/servicebusiness/default_user.png","""Kami merasa terbantu setelah berkonsultasi dengan Bu Fatma.""","",""
"https://www.google.com/maps/place/PSIKOLOG+ANAK+REMAJA+DAN+KELUARGA+BUNDA+LUCY/data=!4m7!3m6!1s0x2e698d55fba1b2c1:0x20f3cedbd2bca9c5!8m2!3d-6.222972!4d106.9126579!16s%2Fg%2F11rv23l35z!19sChIJwbKh-1WNaS4Rxam80tvO8yA?authuser=0&hl=id&rclk=1","PSIKOLOG ANAK REMAJA DAN KELUARGA BUNDA LUCY","4,9","(40)","Psikolog","·","Komplek Perumahan PTB, Jl. Duren Sawit Jl. Bisma V No.mor 1 Blk D 3, RT.12/RW.11","Buka 24 jam","","·","0858-2929-3939","https://psikologindonesia.com/klinik-psikolog-anak-remaja/","","Situs Web","","Rute","https://ssl.gstatic.com/local/servicebusiness/default_user.png","""Highly recommended buat kamu yang lagi butuh healing time!""","",""
"https://www.google.com/maps/place/Praktek+Psikolog+Maria+Ulfah+M.Psi/data=!4m7!3m6!1s0x2e6a0362f2d7fbbb:0x53ce1bb7ad33c890!8m2!3d-6.1268739!4d106.7050505!16s%2Fg%2F11t28f88w0!19sChIJu_vX8mIDai4RkMgzrbcbzlM?authuser=0&hl=id&rclk=1","Praktek Psikolog Maria Ulfah M.Psi","5,0","(151)","Psikolog","·","VPF4+723, Jl. Raya Citra Garden 3, RT.3/RW.13","Tutup","· Buka Sen pukul 09.00","·","0813-8264-5791","http://www.balitaceria.com/","","Situs Web","","Rute","https://ssl.gstatic.com/local/servicebusiness/default_user.png","""Jarang sekali didaerah sini ada","",""
"https://www.google.com/maps/place/Rumah+Bicara+Bintaro+-+Konseling+dengan+Psikolog+di+Jakarta+Selatan/data=!4m7!3m6!1s0x2e69f746ab23f501:0x7faf8f749633abcc!8m2!3d-6.2739665!4d106.7543044!16s%2Fg%2F11p0gvr4cb!19sChIJAfUjq0b3aS4RzKszlnSPr38?authuser=0&hl=id&rclk=1","Rumah Bicara Bintaro - Konseling dengan Psikolog di Jakarta Selatan","5,0","(170)","Psikolog","·","Blok N3, Jl. Merak IV No.23 2, RT.2/RW.8","Buka","· Tutup pukul 20.00","·","0819-1000-9224","https://bicarakan.id/","","Situs Web","","Rute","https://ssl.gstatic.com/local/servicebusiness/default_user.png","""Kondisi ruangan bersih dan","",""
"https://www.google.com/maps/place/Praktek+Psikolog;+Hedz+Psikologi:+Pusat+Psikotes,+Terapi,+Training,+dan+Konsultasi+Psikolog/data=!4m7!3m6!1s0x2e69ef9a0b5fcf29:0x73409e034586359!8m2!3d-6.297434!4d106.7944245!16s%2Fg%2F11tj23fgn2!19sChIJKc9fC5rvaS4RWWNYNOAJNAc?authuser=0&hl=id&rclk=1","Praktek Psikolog; Hedz Psikologi: Pusat Psikotes, Terapi, Training, dan Konsultasi Psikolog","5,0","(65)","Rumah Sakit Jiwa","·","Gapura Office:, Jl. RS. Fatmawati Raya No.Blok A18, RT.4/RW.4","Tutup","· Buka Sen pukul 08.00","·","0851-7965-6671","http://hedzpsikologi.com/","","Situs Web","","Rute","https://ssl.gstatic.com/local/servicebusiness/default_user.png","""","",""
"https://www.google.com/maps/place/INDONESIA+SEHAT+Biro+Psikologi+dan+Konsultasi+:+Jasa+Psikolog/data=!4m7!3m6!1s0x2e6993873e75f0b3:0x1a091ab2618b9ebe!8m2!3d-6.2961218!4d106.9288011!16s%2Fg%2F11h07kxtqh!19sChIJs_B1PoeTaS4Rvp6LYbIaCRo?authuser=0&hl=id&rclk=1","INDONESIA SEHAT Biro Psikologi dan Konsultasi : Jasa Psikolog","4,9","(272)","Psikolog","·","PW3H+HGF, Bekasi 17414, Jl. Masjid Rw. Bacang Jl. Mawar Melati No.24, RT.005/RW.013","Buka","· Tutup pukul 16.00","·","0878-8586-3394","https://sites.google.com/view/indonesia-sehat-psikologi","","Situs Web","","Rute","https://ssl.gstatic.com/local/servicebusiness/default_user.png","""penyampaiannya sangat informatif nyaman dan mudah dipahami.""","",""
"https://www.google.com/maps/place/Ibunda.id+-+Konseling+Jakarta/data=!4m7!3m6!1s0x2e69f173b7ab67b5:0x99c399819b0374d!8m2!3d-6.2676421!4d106.8185612!16s%2Fg%2F11bw2_h8sb!19sChIJtWert3PxaS4RTTewGZg5nAk?authuser=0&hl=id&rclk=1","Ibunda.id - Konseling Jakarta","4,9","(2.280)","Psikolog","·","·","Tutup","· Buka Sen pukul 10.00","Jl. Kemang Dalam X D No.14 5, RT.5/RW.2","0819-1523-7935","https://www.ibunda.id/","","Situs Web","","Rute","https://ssl.gstatic.com/local/servicebusiness/default_user.png","""Tempatnya nyaman,bersih,adem, pelayanan baik.cocok buat konseling pokonya""","","·"
"https://www.google.com/maps/place/Yayasan+Praktek+Psikolog+Indonesia+Cabang+Cawang/data=!4m7!3m6!1s0x2e69f3790049094b:0x915fc6cb8e023f87!8m2!3d-6.2437895!4d106.8691767!16s%2Fg%2F11s5p_d2sg!19sChIJSwlJAHnzaS4Rhz8CjsvGX5E?authuser=0&hl=id&rclk=1","Yayasan Praktek Psikolog Indonesia Cabang Cawang","5,0","(8)","Psikolog","·","Gedung MHT Square Ground Floor (GF) A4 A, Infiniti Office, Jl. Letjen M.T. Haryono No.Kav. 10, RT.6/RW.12","Tutup","· Buka Sen pukul 08.00","·","0812-1345-8601","http://www.praktekpsikolog.com/","","Situs Web","","Rute","https://ssl.gstatic.com/local/servicebusiness/default_user.png","""Psikolognya berpengalaman, bikin janji mudah""","",""
"https://www.google.com/maps/place/Psikolog+Rs+Adhyaksa+Jakarta+-+Konseling+Online,+Psikotes+dan+Training/data=!4m7!3m6!1s0x2e69eda5b42ad9d9:0xf1abba6670e78b79!8m2!3d-6.3079081!4d106.8926686!16s%2Fg%2F11nbsrlzt1!19sChIJ2dkqtKXtaS4ReYvncGa6q_E?authuser=0&hl=id&rclk=1","Psikolog Rs Adhyaksa Jakarta - Konseling Online, Psikotes dan Training","5,0","(23)","Psikolog","·","·","Buka","· Tutup pukul 16.00","Jl. Raya Mabes Hankam No.60, RT.7/RW.2","0882-1065-2220","https://www.psikologadhyaksa.com/","","Situs Web","","Rute","https://ssl.gstatic.com/local/servicebusiness/default_user.png","""","","·"
"https://www.google.com/maps/place/Poli+Psikiatri+-+Klinik+Protera/data=!4m7!3m6!1s0x2e69f5265f738c8b:0x84c3e4fc61f5fa2f!8m2!3d-6.170408!4d106.897572!16s%2Fg%2F11bw51v3c3!19sChIJi4xzXyb1aS4RL_r1Yfzkw4Q?authuser=0&hl=id&rclk=1","Poli Psikiatri - Klinik Protera","3,5","(4)","Klinik Medis","·","Ruko Kirana No.5 Blok F No. 1 & 2, RT.5/RW.1","Buka","· Tutup pukul 21.00","·","(021) 2936537","","","Rute","","","https://ssl.gstatic.com/local/servicebusiness/default_user.png","""Ada kah nomer wa yang bisa di hubungi""","",""
"https://www.google.com/maps/place/QQ+Mitra+Ananda/data=!4m7!3m6!1s0x2e69f367ad7f76cf:0xb0fe13605e83c66c!8m2!3d-6.222963!4d106.8877475!16s%2Fg%2F11cm88nf_7!19sChIJz3Z_rWfzaS4RbMaDXmAT_rA?authuser=0&hl=id&rclk=1","QQ Mitra Ananda","4,9","(219)","Psikolog Anak","·","·","Tutup","· Buka Sen pukul 08.00","Jl. Cipinang Elok II No.7 Blk W, RT.8/RW.10","(021) 8195817","http://www.qqmitraananda.com/","","Situs Web","","Rute","https://ssl.gstatic.com/local/servicebusiness/default_user.png","""Sekolah dan pusat terapi anak berkebutuhan khusus yg recommended""","","·"
"https://www.google.com/maps/place/Konsultasi+Psikolog+Rumah+Dandelion/data=!4m7!3m6!1s0x2e69ee1c4b38ef41:0xb709f7772597d230!8m2!3d-6.3024928!4d106.802205!16s%2Fg%2F11dzd7vhrc!19sChIJQe84SxzuaS4RMNKXJXf3Cbc?authuser=0&hl=id&rclk=1","Konsultasi Psikolog Rumah Dandelion","4,6","(55)","Psikolog","·","·","Buka","· Tutup pukul 16.00","Jl. Taman Wijaya Kusuma No.4 Blok E, RT.8/RW.4","0812-8489-1683","http://www.rumahdandelion.com/","","Situs Web","","Rute","https://ssl.gstatic.com/local/servicebusiness/default_user.png","""Banyak kegiatan yang sangat menyenangkan untuk melatih sensori anak.""","","·"
"https://www.google.com/maps/place/Klinik+Psikologi+SAHABATKU/data=!4m7!3m6!1s0x2e69f31f636357d5:0x190d88cf01ece5b!8m2!3d-6.2236457!4d106.8862033!16s%2Fg%2F11sv4zvtk2!19sChIJ1VdjYx_zaS4RW84e8IzYkAE?authuser=0&hl=id&rclk=1","Klinik Psikologi SAHABATKU","5,0","(14)","Psikolog","·","https://maps.app.goo.gl/jGNXUSbtEKrTsrGt5, Jl. Cipinang Elok No.11, RT.11/RW.10","Tutup","· Buka Sel pukul 09.00","·","0811-1001-4631","https://sahabatku.icreativelabs.com/front/welcome-message-remaja","","Situs Web","","Rute","https://ssl.gstatic.com/local/servicebusiness/default_user.png","""Tempat yg pas untuk kebutuhan konseling","",""
"https://www.google.com/maps/place/Yayasan+Praktek+Psikolog+Indonesia+Cabang+Tangsel/data=!4m7!3m6!1s0x2e69fb3684a4dc97:0xe7db686810dd90b7!8m2!3d-6.2552112!4d106.7084556!16s%2Fg%2F11j5ydrpcr!19sChIJl9ykhDb7aS4Rt5DdEGho2-c?authuser=0&hl=id&rclk=1","Yayasan Praktek Psikolog Indonesia Cabang Tangsel","4,8","(85)","Psikoterapis","·","Jl. Utama Puri Bintaro Hijau Kel No.6 Blok C1","Buka","· Tutup pukul 22.00","·","(021) 27563512","http://www.praktekpsikolog.com/","","Situs Web","","Rute","https://ssl.gstatic.com/local/servicebusiness/default_user.png","""Pelayanan ramah bangat...
Sangat membantu sekali""","",""
"https://www.google.com/maps/place/Yayasan+Praktek+Psikolog+Indonesia+Cabang+Pantai+Indah+Kapuk/data=!4m7!3m6!1s0x2e6a1dec2b2a9f67:0x2ec7a718e4db4cd5!8m2!3d-6.116601!4d106.7567786!16s%2Fg%2F11pzffspkk!19sChIJZ58qK-wdai4R1Uzb5Binxy4?authuser=0&hl=id&rclk=1","Yayasan Praktek Psikolog Indonesia Cabang Pantai Indah Kapuk","4,9","(20)","Psikolog","·","Arcade Bussiness Center 6th Floor Unit 6-03 Jl. Pantai Indah Utara 2 Kav. C1 PIK, RT.2/RW.7","Tutup","· Buka Sen pukul 08.00","·","0812-1345-8601","http://www.praktekpsikolog.com/","","Situs Web","","Rute","https://ssl.gstatic.com/local/servicebusiness/default_user.png","""Psklog yg sgt profesional,sangat terbantu sekali..""","",""
"https://www.google.com/maps/place/Rainbow+Castle+Pusat/data=!4m7!3m6!1s0x2e69f162d93cf683:0xaab031c28b0bee9e!8m2!3d-6.1614382!4d106.869882!16s%2Fg%2F11bxgns3mj!19sChIJg_Y82WLxaS4Rnu4Li8IxsKo?authuser=0&hl=id&rclk=1","Rainbow Castle Pusat","4,5","(45)","Pusat Kesehatan Anak","·","Jl. Zamrud Raya No.28, RT.5/RW.4","Buka","· Tutup pukul 16.00","·","0811-1180-0500","http://www.rainbowcastle.id/","","Situs Web","","Rute","https://ssl.gstatic.com/local/servicebusiness/default_user.png","""Dokter,","",""
"https://www.google.com/maps/place/Praktek+Psikiater+dan+Apotek+Surya/data=!4m7!3m6!1s0x2e69f68b9891630d:0x2be7d3db8febbd69!8m2!3d-6.1814013!4d106.7978713!16s%2Fg%2F11dxd9q401!19sChIJDWORmIv2aS4Rab3rj9vT5ys?authuser=0&hl=id&rclk=1","Praktek Psikiater dan Apotek Surya","4,8","(19)","Psikiater","·","Jl. Wijaya Kusuma No.26A, RT.1/RW.1","Tutup","· Buka Sen pukul 09.00","·","0815-1434-1238","","","Rute","","","https://ssl.gstatic.com/local/servicebusiness/default_user.png","""Terimakasih atas masukan nya dokter 🙏""","",""
"https://www.google.com/maps/place/Lingkar+Psikologi+Jakarta+%28Konseling+Corner%29/data=!4m7!3m6!1s0x2e69f52d1effa3b7:0x34acc6dc0ac6d0e4!8m2!3d-6.1816849!4d106.8248018!16s%2Fg%2F11l33qsywl!19sChIJt6P_Hi31aS4R5NDGCtzGrDQ?authuser=0&hl=id&rclk=1","Lingkar Psikologi Jakarta (Konseling Corner)","5,0","(2)","Rumah Sakit Jiwa","·","Jl. Medan Merdeka Sel. No.11, RT.11/RW.2","Buka","· Tutup pukul 20.30","·","0895-0417-3418","https://instagram.com/psycircle.id","","Situs Web","","Rute","","","",""
"https://www.google.com/maps/place/Lembaga+Psikologi+Perspective+%2F+LPP+Cijantung/data=!4m7!3m6!1s0x2e69ed847858bf57:0xe87dcd5bf175b1cb!8m2!3d-6.3048833!4d106.8589958!16s%2Fg%2F1ptx_5yb2!19sChIJV79YeITtaS4Ry7F18VvNfeg?authuser=0&hl=id&rclk=1","Lembaga Psikologi Perspective / LPP Cijantung","5,0","(535)","Klinik Pengajaran Psikologi","·","Jl. Kesehatan No.14, RT.4/RW.11","Buka","· Tutup pukul 15.30","·","0858-9379-0842","https://psikologi-perspective.com/","","Situs Web","","Rute","https://ssl.gstatic.com/local/servicebusiness/default_user.png","""Sangat membantu dalam menunjang cita cita saya dan sangat bagus""","",""
"https://www.google.com/maps/place/Yayasan+Praktek+Psikolog+Indonesia+Cabang+Cideng/data=!4m7!3m6!1s0x2e69f51a40a437fb:0x42f88f35eed2ef38!8m2!3d-6.1699467!4d106.8182973!16s%2Fg%2F11sps_1b90!19sChIJ-zekQBr1aS4ROO_S7jWP-EI?authuser=0&hl=id&rclk=1","Yayasan Praktek Psikolog Indonesia Cabang Cideng","5,0","(9)","Psikolog","·","Gapura Office Cideng, Jl. Suryopranoto No.14, RT.14/RW.8","Tutup","· Buka Sen pukul 08.00","·","0812-1345-8601","http://www.praktekpsikolog.com/","","Situs Web","","Rute","https://ssl.gstatic.com/local/servicebusiness/default_user.png","""Saya di tangain oleh","",""
"https://www.google.com/maps/place/Praktek+Psikolog+Indonesia+Thamrin/data=!4m7!3m6!1s0x2e69f1690ccb8cf3:0x78968611a80e17e5!8m2!3d-6.2087634!4d106.845599!16s%2Fg%2F11ndz1v13d!19sChIJ84zLDGnxaS4R5RcOqBGGlng?authuser=0&hl=id&rclk=1","Praktek Psikolog Indonesia Thamrin","4,9","(13)","Psikolog","·","QRRW+F6X, RT.2/RW.10","Tutup","· Buka Sen pukul 08.00","·","0878-8718-4585","https://praktekpsikolog.com/","","Situs Web","","Rute","https://ssl.gstatic.com/local/servicebusiness/default_user.png","""Waktu dan tempat bisa disesuaikan (temu muka atau teletherapy).""","",""
"https://www.google.com/maps/place/Biro+Psikologi+%26+Konsultan+HRD+PT+Tridi+Talenta+Indonesia+%28konsultasi+%26+konseling+dengan+psikolog+profesional/data=!4m7!3m6!1s0x2e69f3aa0a3cac09:0xa22b5bfcbee6c050!8m2!3d-6.2240184!4d106.8742513!16s%2Fg%2F11td1z6q_9!19sChIJCaw8CqrzaS4RUMDmvvxbK6I?authuser=0&hl=id&rclk=1","Biro Psikologi & Konsultan HRD PT Tridi Talenta Indonesia (konsultasi & konseling dengan psikolog profesional","4,9","(529)","Psikolog","·","·","Tutup","· Buka Sen pukul 08.00","Gedung Graha Pembina jln. DI. Panjaitan No.45, RT.17/RW.9, Rw. Bunga, Kecamatan Jatinegara, Kota Jakarta Timur, RT.17/RW.9","0856-9333-4900","http://www.triditalentaindonesia.com/","","Situs Web","","Rute","https://ssl.gstatic.com/local/servicebusiness/default_user.png","""Psikolognya baik dan profesional, sangat nyaman konseling disini.""","","·"
"https://www.google.com/maps/place/Psylution+Indonesia+Hayam+Wuruk/data=!4m7!3m6!1s0x2e69f5ce31969b8d:0xb6c05bd4749577b8!8m2!3d-6.1540406!4d106.8180771!16s%2Fg%2F11shnfpyc0!19sChIJjZuWMc71aS4RuHeVdNRbwLY?authuser=0&hl=id&rclk=1","Psylution Indonesia Hayam Wuruk","5,0","(27)","Psikolog","·","Jl. Hayam Wuruk No.99, RT.3/RW.8","Tutup","· Buka Sen pukul 09.00","·","0877-8559-0200","http://www.psylution.id/","","Situs Web","","Rute","https://ssl.gstatic.com/local/servicebusiness/default_user.png","""Tempat konseling yang cukup strategis dan nyaman dengan harga terjangkau.""","",""
"https://www.google.com/maps/place/Tempat+Psikotes,+Tes+Iq,+Tes+Minat+Bakat,+Tes+Kepribadian/data=!4m7!3m6!1s0x2e69f30060fe0553:0x9240f90c3ab4fb96!8m2!3d-6.2544012!4d106.8662786!16s%2Fg%2F11f1kw92br!19sChIJUwX-YADzaS4Rlvu0Ogz5QJI?authuser=0&hl=id&rclk=1","Tempat Psikotes, Tes Iq, Tes Minat Bakat, Tes Kepribadian","4,9","(217)","Psikolog","·","Jl. Mesjid Bend. II No.54, RT.2/RW.7","Buka","· Tutup pukul 17.00","·","0853-7430-3939","http://www.tesiq.net/","","Situs Web","","Rute","https://ssl.gstatic.com/local/servicebusiness/default_user.png","""AMG Clinic responsif, helpful, kompetitif biayanya & terdaftar di HIMPSI.""","",""
"https://www.google.com/maps/place/Spesialis+Psikiater/data=!4m7!3m6!1s0x2e69f3f70185d17b:0xf6e828e37ee97a43!8m2!3d-6.219871!4d106.832439!16s%2Fg%2F1yg4dgyw4!19sChIJe9GFAffzaS4RQ3rpfuMo6PY?authuser=0&hl=id&rclk=1","Spesialis Psikiater","4,5","(2)","Psikiater","·","RS MMC Kav C21, Jl. H. R. Rasuna Said, RT.1/RW.5","Buka","· Tutup pukul 17.00","·","(021) 5203435","http://rsmmc.co.id/","","Situs Web","","Rute","","","",""
"https://www.google.com/maps/place/PSIKOLOGI+KITA+KONSULTING/data=!4m7!3m6!1s0x2e69f2545bba3095:0x481433625ace6fd4!8m2!3d-6.260274!4d106.8625613!16s%2Fg%2F11c5rtpwhf!19sChIJlTC6W1TyaS4R1G_OWmIzFEg?authuser=0&hl=id&rclk=1","PSIKOLOGI KITA KONSULTING","4,4","(20)","Psikolog","·","·","Buka","· Tutup pukul 17.00","Jl. Cililitan Kecil II No.38, RT.11/RW.7","0815-1916-4649","","","Rute","","","https://ssl.gstatic.com/local/servicebusiness/default_user.png","""Sangat bersahabat walaupun bukan rumah sakit persahabatan""","","·"
"https://www.google.com/maps/place/Praktek+Psikolog+Indonesia+Rawamangun+2/data=!4m7!3m6!1s0x2e69f5bd1d839b7f:0x8cb7741e73c18f51!8m2!3d-6.192034!4d106.8807662!16s%2Fg%2F11vwq4sjdz!19sChIJf5uDHb31aS4RUY_Bcx50t4w?authuser=0&hl=id&rclk=1","Praktek Psikolog Indonesia Rawamangun 2","5,0","(2)","Psikolog","·","Graha MIR, Jl. Pemuda No.9 1, RT.1/RW.3","Tutup","· Buka Sen pukul 08.00","·","0812-1345-8601","https://praktekpsikolog.com/","","Situs Web","","Rute","https://ssl.gstatic.com/local/servicebusiness/default_user.png","""Sangat membantu saya buat curhat semua beban,admin nya ramah banget""","",""
"https://www.google.com/maps/place/Smart+Mind+Center+Spesialis+Kesehatan+Jiwa+%28Psikiater%29+DR+Dr+Dharmawan+Purnama,+SpKJ+dan+Rekan/data=!4m7!3m6!1s0x2e698be11530141f:0x8769e03962c0586b!8m2!3d-6.1663741!4d106.91603!16s%2Fg%2F11fl0xs1pt!19sChIJHxQwFeGLaS4Ra1jAYjngaYc?authuser=0&hl=id&rclk=1","Smart Mind Center Spesialis Kesehatan Jiwa (Psikiater) DR Dr Dharmawan Purnama, SpKJ dan Rekan","4,5","(16)","Psikiater","·","RS Gading Pluit, Jl. Boulevard Timur, RT.5/RW.2","Tutup","· Buka Sen pukul 11.00","·","(021) 4521001","http://www.infopsikiater.blogspot.com/","","Situs Web","","Rute","https://ssl.gstatic.com/local/servicebusiness/default_user.png","""Berapa biaya periksa ke spesialis","",""
"https://www.google.com/maps/place/Praktek+Psikolog+Indonesia+Kelapa+Gading/data=!4m7!3m6!1s0x2e69f558d53f12d9:0x1b28ed32b4cf19f9!8m2!3d-6.1580995!4d106.8949811!16s%2Fg%2F11trhv7134!19sChIJ2RI_1Vj1aS4R-RnPtDLtKBs?authuser=0&hl=id&rclk=1","Praktek Psikolog Indonesia Kelapa Gading","5,0","(4)","Psikolog","·","Ruko Bukit Gading Mediterania Kel No.1, RT.1/RW.7","Tutup","· Buka Sen pukul 08.00","·","0812-1345-8601","","","Rute","","","https://ssl.gstatic.com/local/servicebusiness/default_user.png","""","",""
"https://www.google.com/maps/place/Klinik+KANCIL/data=!4m7!3m6!1s0x2e69f3cc31a8b585:0x611ab98a78f4c373!8m2!3d-6.2354794!4d106.8471758!16s%2Fg%2F11c525rsjl!19sChIJhbWoMczzaS4Rc8P0eIq5GmE?authuser=0&hl=id&rclk=1","Klinik KANCIL","4,3","(45)","Psikolog Anak","·","·","Tutup","· Buka Sen pukul 08.00","Jl. Tebet Barat Dalam III No.2, RT.7/RW.3","0812-9051-5456","http://www.kancilku.com/","","Situs Web","","Rute","https://ssl.gstatic.com/local/servicebusiness/default_user.png","""dan yg dateng kesini daei anak2, remaja sampai dewasa.""","","·"
"https://www.google.com/maps/place/PERHATI+Counseling+%26+Care+Center/data=!4m7!3m6!1s0x2e6a1d91f8089f59:0x896daa8bdd1ec72e!8m2!3d-6.1192828!4d106.7879363!16s%2Fg%2F1pt_qpy54!19sChIJWZ8I-JEdai4RLsce3YuqbYk?authuser=0&hl=id&rclk=1","PERHATI Counseling & Care Center","4,9","(133)","Psikolog","·","Jl. Pluit Kencana Raya No.130, RT.9/RW.6","Tutup","· Buka Sen pukul 09.00","·","(021) 6692027","http://www.perhati-indonesia.com/","","Situs Web","","Rute","https://ssl.gstatic.com/local/servicebusiness/default_user.png","""Tempat konseling dan terapi yang komplit untuk dewasa, anak & remaja.""","",""
"https://www.google.com/maps/place/Biro+Psikologi+Attentive/data=!4m7!3m6!1s0x2e69ed84495b183d:0x1c092899cf4f742a!8m2!3d-6.3055299!4d106.8467573!16s%2Fg%2F11s7jcl5zp!19sChIJPRhbSYTtaS4RKnRPz5koCRw?authuser=0&hl=id&rclk=1","Biro Psikologi Attentive","5,0","(53)","Psikolog","·","Jl. Teratai IV No.4, RT.3/RW.2","Buka","· Tutup pukul 13.00","·","0851-5641-0912","https://attentiveid.com/","","Situs Web","","Rute","https://ssl.gstatic.com/local/servicebusiness/default_user.png","""Psikolognya nggak cuma profesional tapi juga ramah dan helpful.""","",""
"https://www.google.com/maps/place/Klinik+Psikoneurologi+Metakognisi,+Tes+Psikologi,+Neuropsikologi,+Intervensi+%26+PKBM+Homeschooling/data=!4m7!3m6!1s0x2e69f13f5a6925b3:0x31279e423d7efad!8m2!3d-6.2211447!4d106.7634995!16s%2Fg%2F11bx5q1tqb!19sChIJsyVpWj_xaS4Rre_XI-R5EgM?authuser=0&hl=id&rclk=1","Klinik Psikoneurologi Metakognisi, Tes Psikologi, Neuropsikologi, Intervensi & PKBM Homeschooling","4,4","(14)","Klinik Kesehatan Mental","·","·","Tutup","· Buka Sen pukul 12.00","Jl. Permata Mediterania Raya, RT.9/RW.3","0821-2504-2534","","","Rute","","","","","","·"
"https://www.google.com/maps/place/Smart+Mind+Center+Consulting/data=!4m7!3m6!1s0x2e69f7c4aa648267:0x2fa3981fdcc3cc58!8m2!3d-6.1629796!4d106.7605529!16s%2Fg%2F11dxbm5p6t!19sChIJZ4JkqsT3aS4RWMzD3B-Yoy8?authuser=0&hl=id&rclk=1","Smart Mind Center Consulting","4,8","(192)","Klinik Kesehatan Mental","·","Jl. Komp. Green Garden No.10 Blk A2, RT.2/RW.3","Tutup","· Buka pukul 10.00","·","0823-1232-8069","","","Rute","","","https://ssl.gstatic.com/local/servicebusiness/default_user.png","""Kliniknya baikk, dokternya kompeten dan servicenya baguss..recommended""","",""
"https://www.google.com/maps/place/Praktek+Psikolog+Luthfi+Mardhiansyah,+M.Psi.,+Psikolog/data=!4m7!3m6!1s0x2e698d000aff538f:0x29bc0c7cbac0a05d!8m2!3d-6.2950971!4d106.9388911!16s%2Fg%2F11whpk50pm!19sChIJj1P_CgCNaS4RXaDAunwMvCk?authuser=0&hl=id&rclk=1","Praktek Psikolog Luthfi Mardhiansyah, M.Psi., Psikolog","5,0","(829)","Psikolog","·","Jl. Raya Kodau No.25, RT.004/RW.023","Buka","· Tutup pukul 19.00","·","0813-8492-7458","https://shorturl.at/v32SF","","Situs Web","","Rute","https://ssl.gstatic.com/local/servicebusiness/default_user.png","""Ruangan yg nyaman,","",""
"https://www.google.com/maps/place/Mentari+Anakku+%28Klinik+Psikologi+dan+Pusat+Terapi+Anak%29/data=!4m7!3m6!1s0x2e69f0928d07c835:0x3d733c75b1186c61!8m2!3d-6.2493888!4d106.7448259!16s%2Fg%2F11b7q5_9ys!19sChIJNcgHjZLwaS4RYWwYsXU8cz0?authuser=0&hl=id&rclk=1","Mentari Anakku (Klinik Psikologi dan Pusat Terapi Anak)","5,0","(134)","Psikolog Anak","·","·","Buka","· Tutup pukul 17.00","Kav. 258, Jl. H. Adam Malik Jl. Komp. Kemlu, RT.007/RW.8","(021) 73882115","http://www.mentarianakku.com/","","Situs Web","","Rute","https://ssl.gstatic.com/local/servicebusiness/default_user.png","""terapisnya juga ramah, baik dan berpengalaman,
sukses terus untuk mentari""","","·"
"https://www.google.com/maps/place/Pusat+Pelayanan+Psikologi+Natan/data=!4m7!3m6!1s0x2e69f5d9122b3cbf:0x111b26e609306656!8m2!3d-6.1640927!4d106.8250962!16s%2Fg%2F1vj6p1hw!19sChIJvzwrEtn1aS4RVmYwCeYmGxE?authuser=0&hl=id&rclk=1","Pusat Pelayanan Psikologi Natan","5,0","(3)","Psikolog","·","Jl. Batu Tulis VII No.7, RT.1/RW.2","Tutup","· Buka Sen pukul 09.00","·","(021) 3442708","","","Rute","","","","","",""
"https://www.google.com/maps/place/Praktek+Konsultasi+Psikolog+Bekasi+%22P2Japsi%22/data=!4m7!3m6!1s0x2e698bb5c33e80c5:0xe717e25dbdd3ba69!8m2!3d-6.1703794!4d106.9810556!16s%2Fg%2F11j8xdbkp9!19sChIJxYA-w7WLaS4RabrTvV3iF-c?authuser=0&hl=id&rclk=1","Praktek Konsultasi Psikolog Bekasi ""P2Japsi""","5,0","(26)","Psikolog","·","Dekat Growing Tree Daycare & Preschool, Jl. Taman Heliconia No.92 Blk HN5","Buka","· Tutup pukul 19.00","·","0819-0112-2321","","","Rute","","","https://ssl.gstatic.com/local/servicebusiness/default_user.png","""Tempat nya nyaman, service excellent""","",""
"https://www.google.com/maps/place/Namira+Consulting+%26+Klinik+Widodo/data=!4m7!3m6!1s0x2e69f36f448a3da1:0xf95404cac17b41da!8m2!3d-6.22642!4d106.881709!16s%2Fg%2F11cnbffbr_!19sChIJoT2KRG_zaS4R2kF7wcoEVPk?authuser=0&hl=id&rclk=1","Namira Consulting & Klinik Widodo","4,6","(11)","Psikolog","·","Klinik Widodo, Jl. Antariksa III No.102, RT.4/RW.6","Tutup","· Buka Sen pukul 06.00","·","0853-1239-1700","http://www.namiraconsulting.com/","","Situs Web","","Rute","https://ssl.gstatic.com/local/servicebusiness/default_user.png","""Ada","",""
"https://www.google.com/maps/place/Yayasan+Praktek+Psikolog+Indonesia+Cabang+Jakbar/data=!4m7!3m6!1s0x2e6a1d001d5c0e37:0x30562398a2a2d33!8m2!3d-6.1354556!4d106.7355809!16s%2Fg%2F11rhcdd6lq!19sChIJNw5cHQAdai4RMy0qijliBQM?authuser=0&hl=id&rclk=1","Yayasan Praktek Psikolog Indonesia Cabang Jakbar","5,0","(1)","Psikolog","·","Rukan City, The City Tesort Residence Rukan Malibu BI. I, RT.7/RW.14","","","","","http://www.praktekpsikolog.com/","","Situs Web","","Rute","","","",""
"https://www.google.com/maps/place/Praktek+Psikolog+Cabang+Kembangan/data=!4m7!3m6!1s0x2e69f7bd6133ad2f:0xafc8826e90d9a64!8m2!3d-6.2084958!4d106.7641806!16s%2Fg%2F11sb325dy6!19sChIJL60zYb33aS4RZJoN6SaI_Ao?authuser=0&hl=id&rclk=1","Praktek Psikolog Cabang Kembangan","5,0","(5)","Psikolog","·","Infiniti Office, Permata Regency, Jl. H. Kelik No.1 D/37, RT.1/RW.6","Tutup","· Buka Sen pukul 08.00","·","0812-1249-3404","http://www.praktekpsikolog.com/","","Situs Web","","Rute","https://ssl.gstatic.com/local/servicebusiness/default_user.png","""Tempat ok dan suasana sangat menunjang utk konsultasi""","",""
"https://www.google.com/maps/place/Klinik+Pratama+Advent+Jakarta+%28FISIOTERAPI,+PSIKOLOG,+GIGI,+UMUM%29/data=!4m7!3m6!1s0x2e69f3bbffda8ea7:0x190048dd802f220b!8m2!3d-6.242197!4d106.847326!16s%2Fg%2F1tgs8f8t!19sChIJp47a_7vzaS4RCyIvgN1IABk?authuser=0&hl=id&rclk=1","Klinik Pratama Advent Jakarta (FISIOTERAPI, PSIKOLOG, GIGI, UMUM)","4,7","(89)","Klinik Medis","·","·","Tutup","· Buka Sen pukul 09.00","Jl. Tebet Barat Dalam Raya No.129, RT.003/RW.6","(021) 8290615","","","Rute","","","https://ssl.gstatic.com/local/servicebusiness/default_user.png","""Service cukup bagus, layout","","·"
"https://www.google.com/maps/place/Klinik+Denata+Griya+Konseling/data=!4m7!3m6!1s0x2e69f15d6dc72ef3:0x1211503522e9755d!8m2!3d-6.2371789!4d106.8081319!16s%2Fg%2F11c0vk0kgb!19sChIJ8y7HbV3xaS4RXXXpIjVQERI?authuser=0&hl=id&rclk=1","Klinik Denata Griya Konseling","5,0","(1)","Klinik Kesehatan Mental","·","Jl. Cipayung II No.19 5, RT.5/RW.7","Buka","· Tutup pukul 21.00","·","(021) 7223682","","","Rute","","","","","",""
"https://www.google.com/maps/place/Passion+Konsultan+Psikologi/data=!4m7!3m6!1s0x2e69f54b81a80585:0x59141bf29082597d!8m2!3d-6.1455083!4d106.9148894!16s%2Fg%2F1pv5w2dm9!19sChIJhQWogUv1aS4RfVmCkPIbFFk?authuser=0&hl=id&rclk=1","Passion Konsultan Psikologi","4,8","(92)","Psikolog","·","·","Tutup","· Buka Sen pukul 09.00","Pegangsaan Dua Blok RF9/6, RT.7/RW.24","0813-1915-5766","http://passionkonsultan.wixsite.com/jasa-psikolog","","Situs Web","","Rute","https://ssl.gstatic.com/local/servicebusiness/default_user.png","""Rekkmen bgt buat skrining psikotes atau tes minat bakat di sini.""","","·"
"https://www.google.com/maps/place/Little+Butterfly/data=!4m7!3m6!1s0x2e698dce1d0f612d:0xcf59218bf207d6e5!8m2!3d-6.2536002!4d106.9406882!16s%2Fg%2F11whprtlg_!19sChIJLWEPHc6NaS4R5dYH8oshWc8?authuser=0&hl=id&rclk=1","Little Butterfly","5,0","(69)","Psikolog","·","Komplek Ruko Maya Persada Regency 1, Jl. Lampiri Raya No.B3, RT.004/RW.002","Buka","· Tutup pukul 19.00","·","0811-1007-8800","","","Rute","","","https://ssl.gstatic.com/local/servicebusiness/default_user.png","""Rekomen sih untuk bermain, konsul","",""
"https://www.google.com/maps/place/Instalasi+Pelayanan+Psikologi+RS.+Bhayangkara+Tk.+I+Pusdokkes+Polri/data=!4m7!3m6!1s0x2e69f309125b1e95:0x7c355f891458afbb!8m2!3d-6.2690777!4d106.8702565!16s%2Fg%2F11fn2f712r!19sChIJlR5bEgnzaS4Ru69YFIlfNXw?authuser=0&hl=id&rclk=1","Instalasi Pelayanan Psikologi RS. Bhayangkara Tk. I Pusdokkes Polri","4,7","(14)","Psikolog","·","Jl. Raya Jakarta-Bogor, RT.1/RW.5","Tutup","· Buka Sen pukul 07.00","·","0811-1842-166","http://rumkitpolrisukanto.com/","","Situs Web","","Rute","https://ssl.gstatic.com/local/servicebusiness/default_user.png","""Apakah menerima pasien bpjs?""","",""
"https://www.google.com/maps/place/Biro+Psikologi+Arsanara+Development+Partner+Jakarta/data=!4m7!3m6!1s0x2e69f132fd2c4a49:0x6b2bbfdf99e0954a!8m2!3d-6.2248483!4d106.8555921!16s%2Fg%2F11tp03fqxy!19sChIJSUos_TLxaS4RSpXgmd-_K2s?authuser=0&hl=id&rclk=1","Biro Psikologi Arsanara Development Partner Jakarta","5,0","(35)","Psikolog","·","Jl. KH Abdul Syafei No.20, RT.5/RW.6","Tutup","· Buka Sen pukul 09.00","·","0851-5700-5232","http://www.arsanara.id/","","Situs Web","","Rute","https://ssl.gstatic.com/local/servicebusiness/default_user.png","""Perasaan yg selama ini terpendam bisa tersalurkan dgn baik 🙏🏻🫶🏻""","",""
"https://www.google.com/maps/place/Praktek+Psikolog+Indonesia+Cabang+Tarumajaya+Bekasi/data=!4m7!3m6!1s0x2e6a2133b9b55605:0x2a3f3465fdacd6f5!8m2!3d-6.1198048!4d107.0072668!16s%2Fg%2F11vqk_2d14!19sChIJBVa1uTMhai4R9das_WU0Pyo?authuser=0&hl=id&rclk=1","Praktek Psikolog Indonesia Cabang Tarumajaya Bekasi","5,0","(3)","Psikolog","·","Ruko Celtic Segara City, blok RSC.18 No.08","Buka","· Tutup pukul 22.00","·","0878-8718-4585","https://praktekpsikolog.com/","","Situs Web","","Rute","https://ssl.gstatic.com/local/servicebusiness/default_user.png","""Tempatnya enak, nyaman, luas, atas dan bawah ada kamar mandinya.""","",""
"https://www.google.com/maps/place/Praktek+Psikolog+Klinis+Dewasa-Seimbang.or/data=!4m7!3m6!1s0x2e69f3002fbc73c9:0x1d249ab08dda9a9c!8m2!3d-6.2321291!4d106.8317575!16s%2Fg%2F11xmp0sm5j!19sChIJyXO8LwDzaS4RnJrajbCaJB0?authuser=0&hl=id&rclk=1","Praktek Psikolog Klinis Dewasa-Seimbang.or","5,0","(3)","Psikolog","·","Jl. H. R. Rasuna Said No.X-5, RT.1/RW.2","Tutup","· Buka Sen pukul 08.00","·","0821-1678-8373","https://www.instagram.com/seimbang.or","","Situs Web","","Rute","https://ssl.gstatic.com/local/servicebusiness/default_user.png","""Well informed banget setelah beberapa tempat pernah gua coba.""","",""
"https://www.google.com/maps/place/Praktek+Psikolog+Indonesia+Permata+Hijau/data=!4m7!3m6!1s0x2e69f1f0febf8e53:0xdd2ebb00a01064fe!8m2!3d-6.2216336!4d106.7825085!16s%2Fg%2F11sj55fqxk!19sChIJU46__vDxaS4R_mQQoAC7Lt0?authuser=0&hl=id&rclk=1","Praktek Psikolog Indonesia Permata Hijau","5,0","(3)","Psikolog","·","Infiniti Office - Bellezza Shoping Arcade, Jl. Permata Hijau No.106, RT.4/RW.2","Tutup","· Buka Sen pukul 08.00","·","0812-1345-8601","https://praktekpsikolog.com/","","Situs Web","","Rute","","","",""
"https://www.google.com/maps/place/dr.Ezra+Eben,SpKJ+Psikiater+di+Permata+Hijau/data=!4m7!3m6!1s0x2e69f7340be3276b:0x5781fe02f3da0b9e!8m2!3d-6.2182668!4d106.7780736!16s%2Fg%2F11p06z5pr1!19sChIJayfjCzT3aS4Rngva8wL-gVc?authuser=0&hl=id&rclk=1","dr.Ezra Eben,SpKJ Psikiater di Permata Hijau","4,7","(38)","Psikiater","·","·","Tutup","· Buka Sel pukul 16.00","Jalan kebon raya No.64, RT.6/RW.8","0857-7901-7918","https://www.linkedin.com/in/ezra-soleman-a5b68495","","Situs Web","","Rute","https://ssl.gstatic.com/local/servicebusiness/default_user.png","""Terimakasih Dokter, atas pelayanannya yg ramah kepada orangtua saya 🤗""","","·"
"https://www.google.com/maps/place/Clarity+Psychology+Center/data=!4m7!3m6!1s0x8a3517915b3778ad:0xd28c68d28d84b92f!8m2!3d-6.1926393!4d106.7400838!16s%2Fg%2F11tf3mct15!19sChIJrXg3W5EXNYoRL7mEjdJojNI?authuser=0&hl=id&rclk=1","Clarity Psychology Center","5,0","(34)","Psikolog","·","TwoSpaces Meruya - Coworking Space, Komplex Perkantoran Taman Meruya, Jl. Batu Mulia No.73, RT.6/RW.7","Tutup","· Buka Sen pukul 10.00","·","0858-4235-6658","","","Rute","","","https://ssl.gstatic.com/local/servicebusiness/default_user.png","""Pelayanan memuaskan, super recommended!""","",""
"https://www.google.com/maps/place/Indonesian+Psychological+Healthcare+Center+-+IndoPsyCare/data=!4m7!3m6!1s0x2e69f1dfc9e2e8ef:0xcf8be4c5eb062426!8m2!3d-6.223229!4d106.8088842!16s%2Fg%2F11f6y4zxjz!19sChIJ7-jiyd_xaS4RJiQG68Xki88?authuser=0&hl=id&rclk=1","Indonesian Psychological Healthcare Center - IndoPsyCare","4,8","(198)","Psikolog","·","·","Tutup","· Buka Sen pukul 09.00","Bursa efek indonesia, Jl. Jend. Sudirman kav 52-53 Tower 1, 28th Floor, Unit 2805, RT.5/RW.3","0812-1511-3685","http://www.indopsycare.com/","","Situs Web","","Rute","https://ssl.gstatic.com/local/servicebusiness/default_user.png","""Hal yang bisa dikembangkan adalah transparansi biaya untuk tes psikologis""","","·"
"https://www.google.com/maps/place/Klinik+Terpadu+Tumbuh+Kembang+Anak+Dan+Remaja+Pela+9/data=!4m7!3m6!1s0x2e69f172ca30c6e9:0xde923581fde28b7d!8m2!3d-6.2494229!4d106.7934032!16s%2Fg%2F1vl5d5t1!19sChIJ6cYwynLxaS4RfYvi_YE1kt4?authuser=0&hl=id&rclk=1","Klinik Terpadu Tumbuh Kembang Anak Dan Remaja Pela 9","4,4","(135)","Klinik Medis","·","Jl. Kramat Pela No.9, RT.1/RW.4","Buka","· Tutup pukul 18.00","·","(021) 7205132","http://klinikpela9.com/","","Situs Web","","Rute","https://ssl.gstatic.com/local/servicebusiness/default_user.png","""Terapis berpengalaman dan informatif, serta fasilitas bagus.""","",""
"https://www.google.com/maps/place/Yayasan+Pulih/data=!4m7!3m6!1s0x2e69edf5a11be8ed:0xa484a3fbf5958d31!8m2!3d-6.300936!4d106.836972!16s%2Fg%2F1tgz7sgw!19sChIJ7egbofXtaS4RMY2V9fujhKQ?authuser=0&hl=id&rclk=1","Yayasan Pulih","4,4","(139)","Yayasan","·","Jl. Tlk. Ratai No.5, RT.2/RW.8","Tutup","· Buka Sen pukul 09.00","·","(021) 78842580","https://www.yayasanpulih.org/","","Situs Web","","Rute","https://ssl.gstatic.com/local/servicebusiness/default_user.png","""","",""
"https://www.google.com/maps/place/Yayasan+Praktek+Psikolog+Indonesia+%28YPPI%29+Cabang+Cileungsi/data=!4m7!3m6!1s0x2e69954f1907e2ef:0x7777d41214cea29!8m2!3d-6.382436!4d107.002401!16s%2Fg%2F11p47v7k5n!19sChIJ7-IHGU-VaS4RKepMIUF9dwc?authuser=0&hl=id&rclk=1","Yayasan Praktek Psikolog Indonesia (YPPI) Cabang Cileungsi","4,8","(40)","Psikolog","·","Perumahan Metlad Cileungsi Jl. Metland Raya 3 No.31 Blk E2","Buka","· Tutup pukul 22.00","·","0812-1345-8601","http://www.praktekpsikolog.com/","","Situs Web","","Rute","https://ssl.gstatic.com/local/servicebusiness/default_user.png","""Pelayanan bagus, dokternya ramah, harga bersahabat.""","",""
"https://www.google.com/maps/place/Psikolog+Anak+dan+Remaja+Aida+Yuni+Kusumawardani,+M.Psi.,+Psikolog/data=!4m7!3m6!1s0x2e698d17511cb70d:0x2cee784e75df0a35!8m2!3d-6.2454378!4d106.918975!16s%2Fg%2F11n7cht0pb!19sChIJDbccUReNaS4RNQrfdU547iw?authuser=0&hl=id&rclk=1","Psikolog Anak dan Remaja Aida Yuni Kusumawardani, M.Psi., Psikolog","5,0","(5)","Psikolog Anak","·","Jl. Masjid Al-Mujtaba No.53H, RT.2/RW.7","Tutup","· Buka Rab pukul 09.00","·","0856-9778-0500","","","Rute","","","https://ssl.gstatic.com/local/servicebusiness/default_user.png","""","",""
"https://www.google.com/maps/place/Klinik+Utama+Talenta+Center/data=!4m7!3m6!1s0x2e698c30f9da11fd:0x1b62dcfe33138389!8m2!3d-6.244341!4d106.9916273!16s%2Fg%2F1ptyk0xwq!19sChIJ_RHa-TCMaS4RiYMTM_7cYhs?authuser=0&hl=id&rclk=1","Klinik Utama Talenta Center","4,4","(197)","Psikolog","·","·","Buka","· Tutup pukul 12.00","ruko sentra niaga kalimalang blok b6-7, RT.001/RW.005","0877-7576-5413","https://kliniktalentacenter.com/","","Situs Web","","Rute","https://ssl.gstatic.com/local/servicebusiness/default_user.png","""Tempatnya sangat baik dan menunjang untuk terapi tumbuh kembang anak.""","","·"
"https://www.google.com/maps/place/Bening+Klinik+Psikologi+Jakarta/data=!4m7!3m6!1s0x2e69f11103933865:0xd4e3efc4aba238c!8m2!3d-6.2287908!4d106.7615515!16s%2Fg%2F11t8bzvlt_!19sChIJZTiTAxHxaS4RjCO6Svw-Tg0?authuser=0&hl=id&rclk=1","Bening Klinik Psikologi Jakarta","","","Klinik Kesehatan Mental","·","Green Permata Residence, Jl. Swadarma Raya Jl. Ebony No.6, RT.1/RW.2","Buka","· Tutup pukul 21.00","·","0812-2556-5656","https://beningpsikologi.com/","","Situs Web","","Rute","","","",""
"https://www.google.com/maps/place/ramaniya/data=!4m7!3m6!1s0x2e69f3bf7e1b4289:0x7e32ca16aeb62931!8m2!3d-6.2408094!4d106.8416809!16s%2Fg%2F11c3tzvdtf!19sChIJiUIbfr_zaS4RMSm2rhbKMn4?authuser=0&hl=id&rclk=1","ramaniya","4,9","(10)","Psikolog Anak","·","Komplek Perkantoran Bidakara. Gedung Binasentra Lt. 3 Ruang Pandu 308-309, Jl. Gatot Subroto No.73 Kav. 71, RT.8/RW.8","Tutup","· Buka Sen pukul 09.00","·","0813-8025-2338","https://ramaniya.id/","","Situs Web","","Rute","https://ssl.gstatic.com/local/servicebusiness/default_user.png","""Terima kasih, staff ramaniya sudah banyak membantu tumbuh kembang anak""","",""
"https://www.google.com/maps/place/Lembaga+Psikologi+Terapan+Universitas+Indonesia/data=!4m7!3m6!1s0x2e69f468419b1c9b:0x8c0ee6637496e3ae!8m2!3d-6.1936417!4d106.8470804!16s%2Fg%2F1td9b5h8!19sChIJmxybQWj0aS4RruOWdGPmDow?authuser=0&hl=id&rclk=1","Lembaga Psikologi Terapan Universitas Indonesia","4,2","(87)","Konsultan Sumber Daya Manusia","·","·","Tutup","· Buka Sen pukul 08.00","Jl. Universitas Indonesia Salemba No.4, RW.5","0811-186-622","https://lptui.co.id/","","Situs Web","","Rute","https://ssl.gstatic.com/local/servicebusiness/default_user.png","""Ada ruangan-ruangan yang bisa dipakai untuk pelatihan atau konseling.""","","·"
"https://www.google.com/maps/place/Psikologi+Praktik+Nadia+Merlin+S.Psi,+M.Sc/data=!4m7!3m6!1s0x2e69f74d44d516ad:0xe16fbff598a6785f!8m2!3d-6.1688646!4d106.8072372!16s%2Fg%2F11lsz1b7gk!19sChIJrRbVRE33aS4RX3immPW_b-E?authuser=0&hl=id&rclk=1","Psikologi Praktik Nadia Merlin S.Psi, M.Sc","5,0","(1)","Psikolog","·","Jl. Ternate No.14C 1, RT.1/RW.6","Tutup","· Buka Sen pukul 09.00","·","0813-8100-3739","","","Rute","","","","","",""
"https://www.google.com/maps/place/Sylvia+Detri+Elvira,+dr.,+SpKJ%28K%29/data=!4m7!3m6!1s0x2e69f46a20cc72bf:0xc55fbd050e93786!8m2!3d-6.1960498!4d106.8482474!16s%2Fg%2F1hm6fd834!19sChIJv3LMIGr0aS4RhjfpUND7VQw?authuser=0&hl=id&rclk=1","Sylvia Detri Elvira, dr., SpKJ(K)","4,1","(9)","Psikiater","·","Jl. Pangeran Diponegoro No.71, RW.5","","","","(021) 500135","http://www.rscm.co.id/","","Situs Web","","Rute","https://ssl.gstatic.com/local/servicebusiness/default_user.png","""Dokter sabar dan dedikasi besar sekali I love you dokter Sylvia🩷""","",""
"https://www.google.com/maps/place/PION+Clinician/data=!4m7!3m6!1s0x2e69f1af0c926e95:0x1d21faccff59c4c!8m2!3d-6.2824689!4d106.8281784!16s%2Fg%2F11gfj_x_lh!19sChIJlW6SDK_xaS4RTJz1z6wf0gE?authuser=0&hl=id&rclk=1","PION Clinician","4,3","(24)","Psikolog","·","·","Buka","· Tutup pukul 17.30","Jl. Warung Jati Barat No.4, RT.1/RW.5","0813-3999-9007","http://www.pionindonesia.com/","","Situs Web","","Rute","https://ssl.gstatic.com/local/servicebusiness/default_user.png","""pelayanan bagus, adminnya fast respon, psikolognya oke bangett""","","·"
"https://www.google.com/maps/place/Psikiater+DR.+Dr.+Irmansyah,+SpKJ%28K%29./data=!4m7!3m6!1s0x2e69f4b9a7e87be9:0x4fdfca7ca2ed7b0!8m2!3d-6.1975447!4d106.8979456!16s%2Fg%2F11g65bsfzr!19sChIJ6Xvop7n0aS4RsNcuyqf8_QQ?authuser=0&hl=id&rclk=1","Psikiater DR. Dr. Irmansyah, SpKJ(K).","5,0","(4)","Dokter","·","Jl. Tongkol No.27, RT.12/RW.5","Tutup","· Buka Sen pukul 18.00","·","0811-1041-239","","","Rute","","","","","",""
"https://www.google.com/maps/place/Lembaga+Pengkajian+Psikologi/data=!4m7!3m6!1s0x2e69ed84781dfd7b:0x1f8a421aaff680d6!8m2!3d-6.3049155!4d106.8592116!16s%2Fg%2F11b6t7b6ts!19sChIJe_0deITtaS4R1oD2rxpCih8?authuser=0&hl=id&rclk=1","Lembaga Pengkajian Psikologi","4,0","(1)","Psikolog","·","no 13760, Jl. Kesehatan No.08, RT.5/RW.11","Buka","· Tutup pukul 14.00","·","(021) 98121337","","","Rute","","","","","",""
"https://www.google.com/maps/place/Praktek+Dokter+Psikiater+dr.+Joni+Hendarwin+Ismoyo,+Sp.KJ/data=!4m7!3m6!1s0x2e69f324c7550a49:0x3ecdf10a0cd797d6!8m2!3d-6.2209165!4d106.886656!16s%2Fg%2F11jz95wjft!19sChIJSQpVxyTzaS4R1pfXDArxzT4?authuser=0&hl=id&rclk=1","Praktek Dokter Psikiater dr. Joni Hendarwin Ismoyo, Sp.KJ","3,1","(7)","Rumah Sakit Jiwa","·","Jl. Cipinang Jaya Raya No.Kav. 45, RT.5/RW.10","Tutup","· Buka Sen pukul 09.30","·","0859-7315-2502","http://www.mmhc-care.id/","","Situs Web","","Rute","","","",""
"https://www.google.com/maps/place/Dr.+Tun+Kurniasih+Bastaman/data=!4m7!3m6!1s0x2e69f176deedc0a9:0x15c1e4ab414d71cf!8m2!3d-6.2492504!4d106.805151!16s%2Fg%2F1hm2r8zjp!19sChIJqcDt3nbxaS4Rz3FNQavkwRU?authuser=0&hl=id&rclk=1","Dr. Tun Kurniasih Bastaman","4,2","(5)","Psikiater","·","Jl. Dharmawangsa Raya No.13, RT.4/RW.2","Tutup","· Buka Sen pukul 09.00","·","(021) 7394484","","","Rute","","","","","",""
"https://www.google.com/maps/place/Pusat+konsultasi+spiritual/data=!4m7!3m6!1s0x2e69f725c1c48945:0x5aad28cd26cddbb4!8m2!3d-6.1445543!4d106.7972971!16s%2Fg%2F11r8h5str2!19sChIJRYnEwSX3aS4RtNvNJs0orVo?authuser=0&hl=id&rclk=1","Pusat konsultasi spiritual","5,0","(2)","Psikiater","·","Jl. Angke Jaya XIII Pasar kampung bebek No.15, RT.15/RW.5","Tutup","· Buka pukul 11.00","·","0857-7900-0584","","","Rute","","","https://ssl.gstatic.com/local/servicebusiness/default_user.png","""Trmksi atas saran&konsepnya skrg sy tmnh pede damai""","",""
"https://www.google.com/maps/place/Smile+Consulting+Indonesia/data=!4m7!3m6!1s0x2e69f7f4e3906b05:0x11e481a1d897461e!8m2!3d-6.1656728!4d106.7817072!16s%2Fg%2F11h_5xpzxx!19sChIJBWuQ4_T3aS4RHkaX2KGB5BE?authuser=0&hl=id&rclk=1","Smile Consulting Indonesia","4,9","(5.254)","Konsultan","·","BIRO PSIKOLOGI Jl. Raya Daan Mogot No.63 5 5, RT.5/RW.1","Tutup","· Buka Sen pukul 09.00","·","0818-0676-7555","http://www.smileconsultingindonesia.com/","","Situs Web","","Rute","https://ssl.gstatic.com/local/servicebusiness/default_user.png","""Tempat Psikotes yg profesional dan baik, bagus banget""","",""
"https://www.google.com/maps/place/Yayasan+Praktek+Psikolog+Indonesia+Cabang+Bekasi/data=!4m7!3m6!1s0x2e698d1785ddb7b1:0xb95422affb8f09d5!8m2!3d-6.2691428!4d106.9752692!16s%2Fg%2F11jz3x12yj!19sChIJsbfdhReNaS4R1QmP-68iVLk?authuser=0&hl=id&rclk=1","Yayasan Praktek Psikolog Indonesia Cabang Bekasi","4,9","(35)","Psikolog","·","Gapura Office, Jl. Rose Garden 1 No.52 RT. 002/017, RT.002/RW.017","Tutup","· Buka Sen pukul 08.00","·","0812-1345-8601","http://www.praktekpsikolog.com/","","Situs Web","","Rute","https://ssl.gstatic.com/local/servicebusiness/default_user.png","""Tetapi blm sepenuhnya dpt mengatasi mslh yg ada, krn hrs tetap berproses.""","",""
"https://www.google.com/maps/place/Psikiatri+Dewasa/data=!4m7!3m6!1s0x2e69f1e74ade5ae7:0x1377ce5916ab5417!8m2!3d-6.2948374!4d106.7955459!16s%2Fg%2F1pp2x5ch_!19sChIJ51reSufxaS4RF1SrFlnOdxM?authuser=0&hl=id&rclk=1","Psikiatri Dewasa","5,0","(1)","Psikiater","·","Rsup Fatmawati, Jl. RS. Fatmawati Raya No.4 No. 74, RT.4/RW.9","Tutup","· Buka Sen pukul 07.00","·","(021) 7501524","","","Rute","","","","","",""
"https://www.google.com/maps/place/Audentia+Mind+Medcare+Alam+Sutera+%7C+Klinik+Psikologi,+Psikiatri,+%26+Terapi+Stimulasi+Kognitif/data=!4m7!3m6!1s0x2e69fbde9157f4c5:0x7555b1891cce94a5!8m2!3d-6.2425741!4d106.6537198!16s%2Fg%2F11d_ytp169!19sChIJxfRXkd77aS4RpZTOHImxVXU?authuser=0&hl=id&rclk=1","Audentia Mind Medcare Alam Sutera | Klinik Psikologi, Psikiatri, & Terapi Stimulasi Kognitif","4,8","(182)","Psikolog","·","Jl. Alam Sutera Town Center, Jl. Alam Sutera Boulevard No.35 Blok C10","Tutup","· Buka pukul 10.00","·","0877-8165-8181","http://www.audentiamind.com/","","Situs Web","","Rute","https://ssl.gstatic.com/local/servicebusiness/default_user.png","""Yg perlu layanan","",""
"https://www.google.com/maps/place/Klinik+Tumbuh+Kembang+Anak+%26+Remaja+Pela+9+Tomang/data=!4m7!3m6!1s0x2e69f67b0ab6627f:0x417c6765ad5d41f2!8m2!3d-6.1708834!4d106.8092062!16s%2Fg%2F1pztl96mp!19sChIJf2K2Cnv2aS4R8kFdrWVnfEE?authuser=0&hl=id&rclk=1","Klinik Tumbuh Kembang Anak & Remaja Pela 9 Tomang","5,0","(88)","Pusat Kesehatan Anak","·","Jl. Talaud No.10 10, RT.10/RW.4","Tutup","· Buka Sen pukul 08.00","·","(021) 63854307","http://klinikpela9.com/","","Situs Web","","Rute","https://ssl.gstatic.com/local/servicebusiness/default_user.png","""Tempat terapi bersih, staff dan terapi nya ramah2.""","",""
"https://www.google.com/maps/place/Kassandra+%26+Associates/data=!4m7!3m6!1s0x2e69f172c99b6837:0x402ec074fe053145!8m2!3d-6.2503273!4d106.7946614!16s%2Fg%2F1yg93l8cm!19sChIJN2ibyXLxaS4RRTEF_nTALkA?authuser=0&hl=id&rclk=1","Kassandra & Associates","4,5","(53)","Psikolog","·","·","Tutup","· Buka Sen pukul 09.00","Jl. Kramat Pela No.210 11, RT.11/RW.7","(021) 7392068","http://www.kasandraassociates.com/","","Situs Web","","Rute","https://ssl.gstatic.com/local/servicebusiness/default_user.png","""Ruangan bersih, lokasi mudah dijangkau,","","·"
"https://www.google.com/maps/place/Ruang+Tumbuh+Jakarta+Selatan/data=!4m7!3m6!1s0x2e69efd3cee230a3:0x1c716a68a517f8a4!8m2!3d-6.3085357!4d106.7961823!16s%2Fg%2F11qspkn_zw!19sChIJozDiztPvaS4RpPgXpWhqcRw?authuser=0&hl=id&rclk=1","Ruang Tumbuh Jakarta Selatan","5,0","(5)","Psikolog","·","Jl. Pinang Raya No.34 2, RT.2/RW.2","Tutup","· Buka Sen pukul 08.00","·","0822-4909-0241","","","Rute","","","","","",""
"https://www.google.com/maps/place/Rumah+Psikolog/data=!4m7!3m6!1s0x2e69f1cf38044669:0xc2065cf4f11b46dc!8m2!3d-6.2948348!4d106.7395528!16s%2Fg%2F11h88h4gr2!19sChIJaUYEOM_xaS4R3EYb8fRcBsI?authuser=0&hl=id&rclk=1","Rumah Psikolog","5,0","(2)","Psikolog","·","Jl. Plamboyan Blok D/KH No.25, RT.4/RW.4","","","","","","","Rute","","","https://ssl.gstatic.com/local/servicebusiness/default_user.png","""Rumah yg bagus dan besar
Penghuninya ramah...""","",""
"https://www.google.com/maps/place/PRO+Psychological+Practice/data=!4m7!3m6!1s0x2e69edb0d76e7e11:0xd47e86f319443bac!8m2!3d-6.3127578!4d106.904709!16s%2Fg%2F11t50813w1!19sChIJEX5u17DtaS4RrDtEGfOGftQ?authuser=0&hl=id&rclk=1","PRO Psychological Practice","5,0","(9)","Psikolog","·","GRAHA MAKO INNO, Jl. Raya Mabes Hankam No.26, RT.2/RW.5","Buka","· Tutup pukul 15.00","·","0821-1071-8530","","","Rute","","","https://ssl.gstatic.com/local/servicebusiness/default_user.png","""Terimakasih yaaa senang sekali berkonsul disini 😊😄""","",""
"https://www.google.com/maps/place/Layanan+Psikologi+%28Konseling,+Psikoterapi,+dan+Psikotes%29+Arumawarni+Psychologist/data=!4m7!3m6!1s0x2e69f9292c277b17:0x4ab2c07ec3524584!8m2!3d-6.1845175!4d106.687929!16s%2Fg%2F11sh4fvr0h!19sChIJF3snLCn5aS4RhEVSw37Asko?authuser=0&hl=id&rclk=1","Layanan Psikologi (Konseling, Psikoterapi, dan Psikotes) Arumawarni Psychologist","5,0","(28)","Psikolog","·","·","Buka","· Tutup pukul 18.00","gmaps: Arumawarni Psychologist, Jl. Cemara 3 ujung No.20, RT.002/RW.002","0851-5952-2780","https://www.instagram.com/arumawarnipsychologist/","","Situs Web","","Rute","https://ssl.gstatic.com/local/servicebusiness/default_user.png","""Tempat konseling yang nyaman, bersih, dan pelayanannya sangat baik.""","","·"
"https://www.google.com/maps/place/Layanan+Psikologi+dan+Konseling+dari+Little+Shine+Psychological+Center/data=!4m7!3m6!1s0x2e69f782e61b5ce9:0x49b89a37e7618d6c!8m2!3d-6.1660148!4d106.7291255!16s%2Fg%2F11zfl_3fbq!19sChIJ6Vwb5oL3aS4RbI1h5zeauEk?authuser=0&hl=id&rclk=1","Layanan Psikologi dan Konseling dari Little Shine Psychological Center","5,0","(1)","Psikolog","·","Apartemen Puri Orchard, RT.2/RW.3","Tutup","· Buka Sen pukul 09.00","","","https://layananpsikolog.com/","","Situs Web","","Rute","","","",""
"https://www.google.com/maps/place/Klinik+Amarylis/data=!4m7!3m6!1s0x2e69f1e74ade5ae7:0x9fa6798c0bb99c83!8m2!3d-6.2948374!4d106.7955459!16s%2Fg%2F1pp2x5cgm!19sChIJ51reSufxaS4Rg5y5C4x5pp8?authuser=0&hl=id&rclk=1","Klinik Amarylis","4,9","(7)","Psikiater","·","Rsup Fatmawati, Jl. RS. Fatmawati Raya No.4 No. 74, RT.4/RW.9","","","","(021) 7501524","","","Rute","","","https://ssl.gstatic.com/local/servicebusiness/default_user.png","""pelayanan nya bagus, baik dokter maupun staf nya ramah-ramah sekali""","",""
"https://www.google.com/maps/place/Psikologid/data=!4m7!3m6!1s0x2e698a4db95e5c0b:0x780463c1f8d96e8e!8m2!3d-6.1684943!4d106.9726673!16s%2Fg%2F1pzpl9sw_!19sChIJC1xeuU2KaS4Rjm7Z-MFjBHg?authuser=0&hl=id&rclk=1","Psikologid","4,8","(6)","Psikolog","·","Ruko Pasar Modern Blok R No.46, RT.10/RW.8, Barat, Boulevard Harapan Indah 2, RT.10/RW.8","Tutup","· Buka Sen pukul 09.00","·","0822-1030-2030","","","Rute","","","https://ssl.gstatic.com/local/servicebusiness/default_user.png","""Layak untuk dicoba 👍""","",""
"https://www.google.com/maps/place/Rumah+Sakit+Jiwa+Islam+Klender/data=!4m7!3m6!1s0x2e698ca2e32007df:0x5f61b559bcce8aa6!8m2!3d-6.2221307!4d106.9331145!16s%2Fg%2F1pzwy8llr!19sChIJ3wcg46KMaS4RporOvFm1YV8?authuser=0&hl=id&rclk=1","Rumah Sakit Jiwa Islam Klender","4,6","(1.893)","Rumah Sakit Jiwa","·","·","Buka 24 jam","","Jl. Bunga Rampai X No.8, RT.8/RW.6","(021) 8622491","http://www.rsjiwaislam.com/","","Situs Web","","Rute","https://ssl.gstatic.com/local/servicebusiness/default_user.png","""Good listener mendengarkan pasien secara tuntas tanpa interupsi.""","","·"
"https://www.google.com/maps/place/Bliss,+Happiness+Clinic+%28Klinik+Psikologi%29/data=!4m7!3m6!1s0x2e69931a3e21966b:0x18776e0613051f84!8m2!3d-6.3652404!4d106.9581324!16s%2Fg%2F11rjz92nkp!19sChIJa5YhPhqTaS4RhB8FEwZudxg?authuser=0&hl=id&rclk=1","Bliss, Happiness Clinic (Klinik Psikologi)","5,0","(5)","Klinik Kesehatan Mental","·","Ruko Fresh Market, Jl. Boulevard Kota Wisata","Tutup","· Buka pukul 10.00","·","0852-1716-5786","","","Rute","","","https://ssl.gstatic.com/local/servicebusiness/default_user.png","""tempatnya nyaman, stafnya ramah, terimakasih bliss happiness clinic""","",""
"https://www.google.com/maps/place/OPSY+Clinic/data=!4m7!3m6!1s0x2e69f5d5100ab0d5:0xa47f29e818b6849e!8m2!3d-6.1651393!4d106.8743951!16s%2Fg%2F11ph5l_slm!19sChIJ1bAKENX1aS4RnoS2GOgpf6Q?authuser=0&hl=id&rclk=1","OPSY Clinic","5,0","(3)","Psikolog","·","Ruko Mega Grosir Cempaka Lot. O32-O34 Jakarta, RW.8","","","","(021) 4215648","","","Rute","","","https://ssl.gstatic.com/local/servicebusiness/default_user.png","""Untuk pelayanan nya saya akui jempol.""","",""
"https://www.google.com/maps/place/Ruang+Psikologi+RSUP+Fatmawati+Jakarta+Selatan/data=!4m7!3m6!1s0x2e69f164170031db:0x8ea04928b755b817!8m2!3d-6.2835455!4d106.7960329!16s%2Fg%2F11q2vx9gg6!19sChIJ2zEAF2TxaS4RF7hVtyhJoI4?authuser=0&hl=id&rclk=1","Ruang Psikologi RSUP Fatmawati Jakarta Selatan","","","Rumah Sakit Jiwa","·","PQ8W+HCM Instalasi Rehabilitasi Medis, RSUP Fatmawati, Gedung Azalea, Jl. RS. Fatmawati Raya, RT.1/RW.10","Tutup","· Buka Sen pukul 08.00","·","0877-8621-121","","","Rute","","","","","",""
"https://www.google.com/maps/place/Poliklinik+Psikiatri+dan+Psikosomatis/data=!4m7!3m6!1s0x2e69eea616179ccb:0xd84ee23ceb587826!8m2!3d-6.370215!4d106.813364!16s%2Fg%2F11bw4dh1yx!19sChIJy5wXFqbuaS4RJnhY6zziTtg?authuser=0&hl=id&rclk=1","Poliklinik Psikiatri dan Psikosomatis","4,4","(5)","Rumah Sakit","·","Jl. K.H.M. Usman No.168","Buka","· Tutup pukul 23.59","","","","","Rute","","","https://ssl.gstatic.com/local/servicebusiness/default_user.png","""Apakah ada kontak yang bisa di hubungi untuk appointment?tks""","",""
"https://www.google.com/maps/place/Layanan+Psikologi+Ruang+Mekar+Azlia/data=!4m7!3m6!1s0x2e69edb537cd3a23:0x4307440c26e9cbaf!8m2!3d-6.372592!4d106.8552917!16s%2Fg%2F11h5fx97l9!19sChIJIzrNN7XtaS4Rr8vpJgxEB0M?authuser=0&hl=id&rclk=1","Layanan Psikologi Ruang Mekar Azlia","5,0","(34)","Psikolog","·","Jl. Raya Duta Pelni No.14","Tutup","· Buka Sel pukul 09.00","·","0811-1430-255","https://www.instagram.com/ruangmekar.azlia/","","Situs Web","","Rute","https://ssl.gstatic.com/local/servicebusiness/default_user.png","""tempat terapi anak yang tenang dan tidak harus waiting list.""","",""
"https://www.google.com/maps/place/Klinik+Terpadu+Lembaga+Psikologi+Terapan+Universitas+Indonesia+%28LPTUI%29/data=!4m7!3m6!1s0x2e69ed2d679f09ff:0xe3361577ffeb2d92!8m2!3d-6.3626979!4d106.8305102!16s%2Fg%2F11fkyxgptn!19sChIJ_wmfZy3taS4Rki3r_3cVNuM?authuser=0&hl=id&rclk=1","Klinik Terpadu Lembaga Psikologi Terapan Universitas Indonesia (LPTUI)","4,1","(23)","Psikolog","·","·","Tutup","· Buka Sen pukul 08.00","Klinik Terpadu LPTUI, Kampus Fakultas Psikologi UI, Jl. Prof. DR. R Slamet Iman Santoso","(021) 7871682","https://lptui.co.id/","","Situs Web","","Rute","https://ssl.gstatic.com/local/servicebusiness/default_user.png","""Pelayanannya sangat baik, sudah tertata rapi, informatif dan tepat waktu.""","","·"
"https://www.google.com/maps/place/Psikiatri+Napza/data=!4m7!3m6!1s0x2e69f1e0c1214401:0x83c627876c2e17b8!8m2!3d-6.2960667!4d106.7956616!16s%2Fg%2F1pp2x5sk7!19sChIJAUQhweDxaS4RuBcubIcnxoM?authuser=0&hl=id&rclk=1","Psikiatri Napza","5,0","(1)","Psikoterapis","·","Rsup Fatmawati, Jl. RS. Fatmawati Raya No.4 No. 74, RT.4/RW.9","Tutup","· Buka Sen pukul 07.00","·","(021) 7501524","","","Rute","","","","","",""
"https://www.google.com/maps/place/Smart+Mind+Center+RS+Gading+Pluit/data=!4m7!3m6!1s0x2e698b5870225b29:0xed2af831cb9ea075!8m2!3d-6.1664102!4d106.9159621!16s%2Fg%2F11fjmfxbwn!19sChIJKVsicFiLaS4RdaCeyzH4Ku0?authuser=0&hl=id&rclk=1","Smart Mind Center RS Gading Pluit","3,6","(11)","Klinik Kesehatan Mental","·","RS Gading Pluit, Jl. Boulevard Timur, RT.5/RW.2","","","","0818-334-435","","","Rute","","","https://ssl.gstatic.com/local/servicebusiness/default_user.png","""Dharmawan sangat membantu saya mengatasi problem kecemasan berlebih""","",""
"https://www.google.com/maps/place/Klinik+Psikologi/data=!4m7!3m6!1s0x2e69f503d007e77d:0x8aa4f6905acc33b8!8m2!3d-6.1717463!4d106.8716319!16s%2Fg%2F1hm4hxhfg!19sChIJfecH0AP1aS4RuDPMWpD2pIo?authuser=0&hl=id&rclk=1","Klinik Psikologi","1,0","(1)","Rumah Sakit","·","RVHC+8M2, RT.11/RW.5","","","","0814-1035-7814","","","Rute","","","","","",""
"https://www.google.com/maps/place/Klinik+psikologis/data=!4m7!3m6!1s0x2e69eddaac1e1753:0x972cbfd960b6e943!8m2!3d-6.3560872!4d106.879792!16s%2Fg%2F11j7j1qjl8!19sChIJUxcerNrtaS4RQ-m2YNm_LJc?authuser=0&hl=id&rclk=1","Klinik psikologis","","","Rumah Sakit","·","JVVH+HW7, RT.6/RW.9","","","","","","","Rute","","","","","",""
"https://www.google.com/maps/place/Dra.+A.+Kasandra+Putranto,+Clinical+Forensic+Psychologist/data=!4m7!3m6!1s0x2e69f172b5dd3257:0x34aaf8f5d26f8487!8m2!3d-6.2502213!4d106.7947705!16s%2Fg%2F1hc11y1by!19sChIJVzLdtXLxaS4Rh4Rv0vX4qjQ?authuser=0&hl=id&rclk=1","Dra. A. Kasandra Putranto, Clinical Forensic Psychologist","4,4","(7)","Psikolog","·","·","Tutup","· Buka Sen pukul 08.00","Jl. Kramat Pela No.210, RT.11/RW.7","0818-0845-7388","https://kasandraassociates.com/","","Situs Web","","Rute","","","","·"
"https://www.google.com/maps/place/Esa+Narayasa/data=!4m7!3m6!1s0x2e69f4166d171b01:0x378451763c42899b!8m2!3d-6.1978861!4d106.8346708!16s%2Fg%2F1v2dh8dy!19sChIJARsXbRb0aS4Rm4lCPHZRhDc?authuser=0&hl=id&rclk=1","Esa Narayasa","4,8","(4)","Psikolog","·","Jl Lembang 63 Menteng Menteng Jakarta Pusat DKI Jakarta, RT.6/RW.5","Tutup","· Buka Sen pukul 09.00","·","(021) 3907513","","","Rute","","","","","",""
"https://www.google.com/maps/place/RUMAH+HAMKA-+Psikologi+klinik+tumbuh+kembang+anak/data=!4m7!3m6!1s0x2e69f14667ed1e4f:0xce966f5c827538df!8m2!3d-6.2354568!4d106.7289541!16s%2Fg%2F11j7z11yzx!19sChIJTx7tZ0bxaS4R3zh1glxvls4?authuser=0&hl=id&rclk=1","RUMAH HAMKA- Psikologi klinik tumbuh kembang anak","5,0","(9)","Klinik Spesialis","·","Jalan Professor Doktor Hamka, Jl. Caplin 1 Gg. Bakti II No.1. No.38, RT.003/RW.011","Buka","· Tutup pukul 17.00","·","0812-9421-0368","http://www.rumahhamka.com/","","Situs Web","","Rute","https://ssl.gstatic.com/local/servicebusiness/default_user.png","""Sabar, cintai dan ikhitiar syukuri anugrah Allah, insya Allah berkah""","",""
"https://www.google.com/maps/place/Akar+Psikolog/data=!4m7!3m6!1s0x2e69f370338e1093:0x42123a2162ba5591!8m2!3d-6.2981146!4d106.8382396!16s%2Fg%2F11zcn6shwk!19sChIJkxCOM3DzaS4RkVW6YiE6EkI?authuser=0&hl=id&rclk=1","Akar Psikolog","5,0","(4)","Psikolog","·","Jl. B II No.24a, RT.8/RW.17","","","","0851-3558-6124","","","Rute","","","","","",""
"https://www.google.com/maps/place/Penabur+Biro+Konsultasi+Psikolog/data=!4m7!3m6!1s0x2e69f6771a70fbff:0x87575622e1149e7f!8m2!3d-6.1645832!4d106.8137379!16s%2Fg%2F1tf91hs6!19sChIJ__twGnf2aS4Rf54U4SJWV4c?authuser=0&hl=id&rclk=1","Penabur Biro Konsultasi Psikolog","","","Klinik Medis","·","Jl. Alaydrus No.66-B, RT.17/RW.3","","","","(021) 6333403","","","Rute","","","","","",""
"https://www.google.com/maps/place/Audentia+Mind+Medcare+Gading+Serpong+%7C+Klinik+Psikologi,+Psikiatri,+%26+Terapi+Stimulasi+Kognitif/data=!4m7!3m6!1s0x2e69fd914ccfa14b:0xde03b7f1ee2aa563!8m2!3d-6.2430082!4d106.6199129!16s%2Fg%2F11ykpx18b4!19sChIJS6HPTJH9aS4RY6Uq7vG3A94?authuser=0&hl=id&rclk=1","Audentia Mind Medcare Gading Serpong | Klinik Psikologi, Psikiatri, & Terapi Stimulasi Kognitif","4,9","(67)","Psikolog","·","·","Tutup","· Buka pukul 10.00","Ruko Paramount Spark, Jl. Raya Klp. Dua Jl. Boulevard Raya Gading Serpong No.8 Blok A","0818-1817-6765","https://www.audentiamind.com/","","Situs Web","","Rute","https://ssl.gstatic.com/local/servicebusiness/default_user.png","""Tempatnya bersih, mudah diakses, dan stafnya super helpful.""","","·"
"https://www.google.com/maps/place/Praktik+Mandiri+Fenny+Junita,+M.Psi,+Psikolog/data=!4m7!3m6!1s0x2e69f5bf59c338fb:0xc156a8df76d3f3d9!8m2!3d-6.1812948!4d106.8542696!16s%2Fg%2F11h1hsqxk3!19sChIJ-zjDWb_1aS4R2fPTdt-oVsE?authuser=0&hl=id&rclk=1","Praktik Mandiri Fenny Junita, M.Psi, Psikolog","5,0","(2)","Psikolog","·","Jl. Kramat Jaya Baru No.8 8, RT.8/RW.2","Tutup","· Buka Kam pukul 10.00","","","http://wa.me/6287886684920","","Situs Web","","Rute","","","",""
"https://www.google.com/maps/place/Poli+Psikologi+RSMTH/data=!4m7!3m6!1s0x2e69f7c835210801:0x6d009b2ab6a343fc!8m2!3d-6.2073016!4d106.8103481!16s%2Fg%2F11sjlmvzyd!19sChIJAQghNcj3aS4R_EOjtiqbAG0?authuser=0&hl=id&rclk=1","Poli Psikologi RSMTH","","","Klinik Kesehatan Mental","·","Jl. Bendungan Hilir No.17, RT.2/RW.4","Buka","· Tutup pukul 13.00","·","0851-7204-4650","","","Rute","","","","","",""
"https://www.google.com/maps/place/Ruang+Tumbuh/data=!4m7!3m6!1s0x2e69f3b4f9c45ee1:0xe6a661f6e62bd7e1!8m2!3d-6.2821878!4d106.9139436!16s%2Fg%2F11f7c9j6t8!19sChIJ4V7E-bTzaS4R4dcr5vZhpuY?authuser=0&hl=id&rclk=1","Ruang Tumbuh","4,4","(13)","Psikolog","·","Jl. Raya Jatiwaringin No.18, RT.001/RW.009","Tutup","· Buka Sen pukul 08.00","·","0822-4909-0241","http://www.ruangtumbuh.id/","","Situs Web","","Rute","https://ssl.gstatic.com/local/servicebusiness/default_user.png","""Recommended utk yang sedang mencari","",""
"https://www.google.com/maps/place/Klinik+Satelit+UI+Makara/data=!4m7!3m6!1s0x2e69ed5c4cdb3c2b:0xc71f5a9fd9b00591!8m2!3d-6.361219!4d106.8225653!16s%2Fg%2F11cll76xts!19sChIJKzzbTFztaS4RkQWw2Z9aH8c?authuser=0&hl=id&rclk=1","Klinik Satelit UI Makara","4,8","(1.383)","Klinik Medis","·","·","Tutup","· Buka Sen pukul 08.00","Jalan, Lingkar Utara","(021) 78888176","","","Rute","","","https://ssl.gstatic.com/local/servicebusiness/default_user.png","""Tempatnya bersih, staffnya sangat membantu, dokternya juga komunikatif.""","","·"
"https://www.google.com/maps/place/HANABITA+Sawangan+Praktik+Psikolog+dan+Pusat+Terapi+Tumbuh+Kembang+Anak/data=!4m7!3m6!1s0x2e69ef3c0ab7b279:0x72580e15afc9c509!8m2!3d-6.3678294!4d106.7544025!16s%2Fg%2F11cn17ykqf!19sChIJebK3CjzvaS4RCcXJrxUOWHI?authuser=0&hl=id&rclk=1","HANABITA Sawangan Praktik Psikolog dan Pusat Terapi Tumbuh Kembang Anak","5,0","(32)","Psikolog","·","Jl. Raya Pahlawan No.86","Buka","· Tutup pukul 17.00","·","0877-8828-3336","http://www.hanabita.com/","","Situs Web","","Rute","https://ssl.gstatic.com/local/servicebusiness/default_user.png","""Tempat terapi yg homy untuk toddler.""","",""
"https://www.google.com/maps/place/RaQQi-Human+Development/data=!4m7!3m6!1s0x2e69f3bd0dbd591d:0xc64814cb3691b185!8m2!3d-6.2384667!4d106.8508118!16s%2Fg%2F11b7st478x!19sChIJHVm9Db3zaS4RhbGRNssUSMY?authuser=0&hl=id&rclk=1","RaQQi-Human Development","5,0","(1)","Psikolog","·","No Jl. Tebet Barat IX No.11 7, RT.7/RW.5","Tutup","· Buka Sen pukul 08.30","·","(021) 85585261","","","Rute","","","","","",""
"","","","","","","","","","","","","","","","","","","",""