"Alamat","Nama Tempat","Rating","Review","Items","W4Efsd 2","W4Efsd 3","W4Efsd 4","W4Efsd 5","W4Efsd 6","UsdlK","lcr4fd href","Cw1rxd","R8c4Qb","Cw1rxd 2","R8c4Qb 2","Jn12ke src","ah5Ghc"
"","","","","","","","","","","","","","","","","",""
"","","","","","","","","","","","","","","","","",""
"https://www.google.com/maps/place/Yayasan+Praktek+Psikolog+Indonesia+Cabang+Tangsel/data=!4m7!3m6!1s0x2e69fb3684a4dc97:0xe7db686810dd90b7!8m2!3d-6.2552112!4d106.7084556!16s%2Fg%2F11j5ydrpcr!19sChIJl9ykhDb7aS4Rt5DdEGho2-c?authuser=0&hl=id&rclk=1","Yayasan Praktek Psikolog Indonesia Cabang Tangsel","4,8","(85)","Psikoterapis","·","Jl. Utama Puri Bintaro Hijau Kel No.6 Blok C1","Buka","· Tutup pukul 22.00","·","(021) 27563512","http://www.praktekpsikolog.com/","","Situs Web","","Rute","https://ssl.gstatic.com/local/servicebusiness/default_user.png","""Pelayanan ramah bangat...
Sangat membantu sekali"""
"https://www.google.com/maps/place/Psikolog+Ririn/data=!4m7!3m6!1s0x2e41f5e74c398f9f:0x590bd2c6c9dd0f15!8m2!3d-6.0940512!4d106.1693641!16s%2Fg%2F11tsqlq_fl!19sChIJn485TOf1QS4RFQ_dycbSC1k?authuser=0&hl=id&rclk=1","Psikolog Ririn","4,9","(27)","Psikolog","·","Perumahan Banten Indah Permai Blok B15/24","","","","0877-8235-4678","","","Rute","","","https://ssl.gstatic.com/local/servicebusiness/default_user.png",""""
"https://www.google.com/maps/place/LPT+Solusi+Banten/data=!4m7!3m6!1s0x2e41f5229e0fffc5:0x2d908c05f0c882b9!8m2!3d-6.1001043!4d106.1742371!16s%2Fg%2F11lrc6yfq3!19sChIJxf8PniL1QS4RuYLI8AWMkC0?authuser=0&hl=id&rclk=1","LPT Solusi Banten","4,9","(23)","Psikolog","·","Perum Taman Mutiara Indah Blok B6 No. 17, RT.001/RW.016","Buka","· Tutup pukul 17.00","·","0853-1148-7755","https://lptsolusibanten.com/","","Situs Web","","Rute","https://ssl.gstatic.com/local/servicebusiness/default_user.png","""Pelayanan nya ramah dan profesional."""
"https://www.google.com/maps/place/Audentia+Mind+Medcare+Alam+Sutera+%7C+Klinik+Psikologi,+Psikiatri,+%26+Terapi+Stimulasi+Kognitif/data=!4m7!3m6!1s0x2e69fbde9157f4c5:0x7555b1891cce94a5!8m2!3d-6.2425741!4d106.6537198!16s%2Fg%2F11d_ytp169!19sChIJxfRXkd77aS4RpZTOHImxVXU?authuser=0&hl=id&rclk=1","Audentia Mind Medcare Alam Sutera | Klinik Psikologi, Psikiatri, & Terapi Stimulasi Kognitif","4,8","(182)","Psikolog","·","Jl. Alam Sutera Town Center, Jl. Alam Sutera Boulevard No.35 Blok C10","Tutup","· Buka pukul 10.00","·","0877-8165-8181","http://www.audentiamind.com/","","Situs Web","","Rute","https://ssl.gstatic.com/local/servicebusiness/default_user.png","""Yg perlu layanan"
"https://www.google.com/maps/place/Mentari+Anakku+%28Klinik+Psikologi+dan+Pusat+Terapi+Anak%29/data=!4m7!3m6!1s0x2e69f0928d07c835:0x3d733c75b1186c61!8m2!3d-6.2493888!4d106.7448259!16s%2Fg%2F11b7q5_9ys!19sChIJNcgHjZLwaS4RYWwYsXU8cz0?authuser=0&hl=id&rclk=1","Mentari Anakku (Klinik Psikologi dan Pusat Terapi Anak)","5,0","(134)","Psikolog Anak","·","·","Buka","· Tutup pukul 17.00","Kav. 258, Jl. H. Adam Malik Jl. Komp. Kemlu, RT.007/RW.8","(021) 73882115","http://www.mentarianakku.com/","","Situs Web","","Rute","https://ssl.gstatic.com/local/servicebusiness/default_user.png","""terapisnya juga ramah, baik dan berpengalaman,
sukses terus untuk mentari"""
"https://www.google.com/maps/place/Yayasan+Praktek+Psikolog+Indonesia/data=!4m7!3m6!1s0x2e69f04dd8717dc1:0xccc658e4b4b59bb9!8m2!3d-6.272109!4d106.764778!16s%2Fg%2F1pzr_qqc1!19sChIJwX1x2E3waS4RuZu1tORYxsw?authuser=0&hl=id&rclk=1","Yayasan Praktek Psikolog Indonesia","4,7","(183)","Psikolog","·","Gedung Bintaro Bussiness Centre, Jl. RC. Veteran Raya No.1-I, RT.1/RW.3","Buka","· Tutup pukul 20.00","·","(021) 7362639","http://www.praktekpsikolog.com/","","Situs Web","","Rute","https://ssl.gstatic.com/local/servicebusiness/default_user.png","""Pelayanan sangat bagus dan profesional"""
"https://www.google.com/maps/place/Nous+Consulting+Indonesia+%28Konsultan+Psikologi+Tangerang%29/data=!4m7!3m6!1s0x2e69fbde90dcdd87:0x5abd7d868178a88a!8m2!3d-6.1972863!4d106.6361998!16s%2Fg%2F11d_ypq082!19sChIJh93ckN77aS4Riqh4gYZ9vVo?authuser=0&hl=id&rclk=1","Nous Consulting Indonesia (Konsultan Psikologi Tangerang)","5,0","(26)","Psikolog","·","Metropolis Town Square Ruko GM7 No.12, Jl. Hartono Raya, RT.003/RW.006","Buka","· Tutup pukul 15.00","·","0815-1642-909","http://www.nous-id.com/","","Situs Web","","Rute","https://ssl.gstatic.com/local/servicebusiness/default_user.png","""Staffnya ramah dan psikolognya ramah dan sangat membantu"""
"https://www.google.com/maps/place/FATHAN+COUNSELING/data=!4m7!3m6!1s0x2e418ff9466dde5d:0x8c9f41115427d4cc!8m2!3d-6.0207936!4d106.0407766!16s%2Fg%2F11fszbk0hr!19sChIJXd5tRvmPQS4RzNQnVBFBn4w?authuser=0&hl=id&rclk=1","FATHAN COUNSELING","5,0","(205)","Klinik Pengajaran Psikologi","·","Link.Tegal Cabe No.99, RT.004/RW.002","Buka","· Tutup pukul 17.00","·","0878-6279-7754","","","Rute","","","https://ssl.gstatic.com/local/servicebusiness/default_user.png","""Akhirnya, orang Cilegon gak perlu jauh-jauh utk layanan konseling."""
"https://www.google.com/maps/place/Pagita+Mental+Health+Clinic+%28PMHC%29/data=!4m7!3m6!1s0x2e69f18e8d796c85:0x224412a245b9f801!8m2!3d-6.2856429!4d106.726006!16s%2Fg%2F11vd3zqn5n!19sChIJhWx5jY7xaS4RAfi5RaISRCI?authuser=0&hl=id&rclk=1","Pagita Mental Health Clinic (PMHC)","5,0","(354)","Klinik Kesehatan Mental","·","Ruko TR 43, Jl. Tegal Rotan Raya No.43-F","Buka","· Tutup pukul 20.00","·","0818-434-388","","","Rute","","","https://ssl.gstatic.com/local/servicebusiness/default_user.png","""Tempat clean dan nyaman, analisa"
"https://www.google.com/maps/place/Audentia+Mind+Medcare+Gading+Serpong+%7C+Klinik+Psikologi,+Psikiatri,+%26+Terapi+Stimulasi+Kognitif/data=!4m7!3m6!1s0x2e69fd914ccfa14b:0xde03b7f1ee2aa563!8m2!3d-6.2430082!4d106.6199129!16s%2Fg%2F11ykpx18b4!19sChIJS6HPTJH9aS4RY6Uq7vG3A94?authuser=0&hl=id&rclk=1","Audentia Mind Medcare Gading Serpong | Klinik Psikologi, Psikiatri, & Terapi Stimulasi Kognitif","4,9","(67)","Psikolog","·","·","Tutup","· Buka pukul 10.00","Ruko Paramount Spark, Jl. Raya Klp. Dua Jl. Boulevard Raya Gading Serpong No.8 Blok A","0818-1817-6765","https://www.audentiamind.com/","","Situs Web","","Rute","https://ssl.gstatic.com/local/servicebusiness/default_user.png","""Tempatnya bersih, mudah diakses, dan stafnya super helpful."""
"https://www.google.com/maps/place/Psikolog+Jennyfer/data=!4m7!3m6!1s0x2e69f73b09612d5b:0xc2c4abc9b3e366ce!8m2!3d-6.1824304!4d106.7257582!16s%2Fg%2F11h5vfh17c!19sChIJWy1hCTv3aS4Rzmbjs8mrxMI?authuser=0&hl=id&rclk=1","Psikolog Jennyfer","5,0","(320)","Psikolog","·","Perumahan Puri Mansion, Jl. Atlanta III No.58, RT.2/RW.1","Tutup","· Buka Sen pukul 11.00","·","0812-8796-8664","http://instagram.com/jen.psikolog/","","Situs Web","","Rute","https://ssl.gstatic.com/local/servicebusiness/default_user.png","""Baru pertama kali dateng , tapi dokternya baik dan ramah bgt ."""
"https://www.google.com/maps/place/Melly+Suwarna,+Psikolog,+Psikoterapi,+Depth+Psychotherapy,+Play+Therapy,+Group+Therapy/data=!4m7!3m6!1s0x2e69e56ce85737c1:0x6a8073cd40cd8dd8!8m2!3d-6.3203135!4d106.6798931!16s%2Fg%2F11kyt52mrw!19sChIJwTdX6GzlaS4R2I3NQM1zgGo?authuser=0&hl=id&rclk=1","Melly Suwarna, Psikolog, Psikoterapi, Depth Psychotherapy, Play Therapy, Group Therapy","4,9","(18)","Psikoterapis","·","Latinos Business District C9/16","Buka","· Tutup pukul 13.00","·","0859-2170-2407","http://www.mellysuwarna.com/","","Situs Web","","Rute","https://ssl.gstatic.com/local/servicebusiness/default_user.png","""untuk harga mulai kisaran berapa yaa????"""
"https://www.google.com/maps/place/Grahita+Indonesia+Serang/data=!4m7!3m6!1s0x2e41f4fdaaaaaa97:0x892b0f7164ff78b1!8m2!3d-6.1108353!4d106.2046068!16s%2Fg%2F11by_dlbbd!19sChIJl6qqqv30QS4RsXj_ZHEPK4k?authuser=0&hl=id&rclk=1","Grahita Indonesia Serang","4,5","(8)","Psikolog","·","Jl. Grand Sutera Serang No.39 Blok A4","Buka","· Tutup pukul 20.00","·","0877-7149-8115","http://grahita.org/","","Situs Web","","Rute","https://ssl.gstatic.com/local/servicebusiness/default_user.png","""hallo apakah lokasinya masih sama dan apa bisa untuk remaja bu"""
"https://www.google.com/maps/place/Kayross+Psikologi/data=!4m7!3m6!1s0x2e69fba4beb46ccb:0x13d17689abff816f!8m2!3d-6.2543513!4d106.6598708!16s%2Fg%2F11clm5bpvq!19sChIJy2y0vqT7aS4Rb4H_q4l20RM?authuser=0&hl=id&rclk=1","Kayross Psikologi","4,9","(178)","Psikolog","·","Alam Sutera, Cluster Harmoni, Jl. Sutera Harmoni Utama No.15","Tutup","· Buka Sen pukul 09.00","·","(021) 5398931","http://www.kayrosspsikologi.com/","","Situs Web","","Rute","https://ssl.gstatic.com/local/servicebusiness/default_user.png","""Saya sangat puas dengan pelayanan dan penaganan konsultasi dengan ahlinya"""
"https://www.google.com/maps/place/Grahita+Indonesia+Kabupaten+Tangerang/data=!4m7!3m6!1s0x2e42079fe961a4e5:0x2b508b15352bbe94!8m2!3d-6.279367!4d106.4620257!16s%2Fg%2F11swdkmc4p!19sChIJ5aRh6Z8HQi4RlL4rNRWLUCs?authuser=0&hl=id&rclk=1","Grahita Indonesia Kabupaten Tangerang","5,0","(12)","Psikolog","·","Jl. Mandala Raya No 20. Perum Pondok Dewata","Tutup","· Buka Sen pukul 09.00","·","0877-7177-7056","https://grahitakbtangerang.com/","","Situs Web","","Rute","https://ssl.gstatic.com/local/servicebusiness/default_user.png","""Pelayanannya mantapp, konselornya ramah teliti dan sabar."""
"https://www.google.com/maps/place/Caring+%26+Hope+Psikologi/data=!4m7!3m6!1s0x2e42113b2b916b1d:0x316b60ab1d26a369!8m2!3d-6.3685391!4d106.2673119!16s%2Fg%2F11ggr56rfg!19sChIJHWuRKzsRQi4RaaMmHatgazE?authuser=0&hl=id&rclk=1","Caring & Hope Psikologi","5,0","(6)","Psikolog","·","Komplek Ruko Graha Ona, Jl. Siliwangi Jl. Pasir Ona No.6 Blok B","Tutup","· Buka Sen pukul 09.00","·","0812-1974-4255","","","Rute","","","https://ssl.gstatic.com/local/servicebusiness/default_user.png","""Terima kasih banyak, Bu Putri, sudah membantu kami dengan sangat baik!"""
"https://www.google.com/maps/place/Layanan+Psikologi+%28Konseling,+Psikoterapi,+dan+Psikotes%29+Arumawarni+Psychologist/data=!4m7!3m6!1s0x2e69f9292c277b17:0x4ab2c07ec3524584!8m2!3d-6.1845175!4d106.687929!16s%2Fg%2F11sh4fvr0h!19sChIJF3snLCn5aS4RhEVSw37Asko?authuser=0&hl=id&rclk=1","Layanan Psikologi (Konseling, Psikoterapi, dan Psikotes) Arumawarni Psychologist","5,0","(28)","Psikolog","·","·","Buka","· Tutup pukul 18.00","gmaps: Arumawarni Psychologist, Jl. Cemara 3 ujung No.20, RT.002/RW.002","0851-5952-2780","https://www.instagram.com/arumawarnipsychologist/","","Situs Web","","Rute","https://ssl.gstatic.com/local/servicebusiness/default_user.png","""Tempat konseling yang nyaman, bersih, dan pelayanannya sangat baik."""
"https://www.google.com/maps/place/Rumah+Bicara+Bintaro+-+Konseling+dengan+Psikolog+di+Jakarta+Selatan/data=!4m7!3m6!1s0x2e69f746ab23f501:0x7faf8f749633abcc!8m2!3d-6.2739665!4d106.7543044!16s%2Fg%2F11p0gvr4cb!19sChIJAfUjq0b3aS4RzKszlnSPr38?authuser=0&hl=id&rclk=1","Rumah Bicara Bintaro - Konseling dengan Psikolog di Jakarta Selatan","5,0","(170)","Psikolog","·","Blok N3, Jl. Merak IV No.23 2, RT.2/RW.8","Buka","· Tutup pukul 20.00","·","0819-1000-9224","https://bicarakan.id/","","Situs Web","","Rute","https://ssl.gstatic.com/local/servicebusiness/default_user.png","""Kondisi ruangan bersih dan"
"https://www.google.com/maps/place/Rumah+Bicara+Puri+Indah+-+Konseling+Psikolog+di+Jakarta+Barat/data=!4m7!3m6!1s0x2e69f714ed16387d:0x377f7b82cba77fb1!8m2!3d-6.193162!4d106.7243495!16s%2Fg%2F11tn8dyz4v!19sChIJfTgW7RT3aS4RsX-ny4J7fzc?authuser=0&hl=id&rclk=1","Rumah Bicara Puri Indah - Konseling Psikolog di Jakarta Barat","5,0","(171)","Psikolog","·","Blok RI 38B, RT.002/RW.012","Buka","· Tutup pukul 20.00","·","0819-1000-9224","https://www.bicarakan.id/","","Situs Web","","Rute","https://ssl.gstatic.com/local/servicebusiness/default_user.png","""Psikolognya ramah sekali dan membantu saya untuk menemukan akar masalah."""
"https://www.google.com/maps/place/Insight+Psikologi+%5BBSD%5D+%7C+Psikolog+Konseling+Mental+Health+%26+Pernikahan+%7C+Terapi+Tumbuh+Kembang+Anak+%7C+Tes+IQ-Minat+Bakat/data=!4m7!3m6!1s0x2e69fb233d8a66db:0x4b6314da5d2a88c!8m2!3d-6.277013!4d106.6356052!16s%2Fg%2F11whgbyq4p!19sChIJ22aKPSP7aS4RjKjSpU0xtgQ?authuser=0&hl=id&rclk=1","Insight Psikologi [BSD] | Psikolog Konseling Mental Health & Pernikahan | Terapi Tumbuh Kembang Anak | Tes IQ-Minat Bakat","4,9","(75)","Psikolog","·","Northridge Bussiness Centre, Jl. BSD Raya Utama No.B2 No. 18","Buka","· Tutup pukul 15.00","·","0811-1180-2498","https://insightpsikologi.or.id/","","Situs Web","","Rute","https://ssl.gstatic.com/local/servicebusiness/default_user.png","""pelayanan nya sangat bagus, alat terapinya bagus untuk perkembangan anak"""
"https://www.google.com/maps/place/Praktek+Psikolog+Maria+Ulfah+M.Psi/data=!4m7!3m6!1s0x2e6a0362f2d7fbbb:0x53ce1bb7ad33c890!8m2!3d-6.1268739!4d106.7050505!16s%2Fg%2F11t28f88w0!19sChIJu_vX8mIDai4RkMgzrbcbzlM?authuser=0&hl=id&rclk=1","Praktek Psikolog Maria Ulfah M.Psi","5,0","(151)","Psikolog","·","VPF4+723, Jl. Raya Citra Garden 3, RT.3/RW.13","Tutup","· Buka Sen pukul 09.00","·","0813-8264-5791","http://www.balitaceria.com/","","Situs Web","","Rute","https://ssl.gstatic.com/local/servicebusiness/default_user.png","""Jarang sekali didaerah sini ada"
"https://www.google.com/maps/place/Psikolog+Industri+dan+Organisasi+%28Konsultan+MSDM+%2F+HRD%29+BQND+Consulting/data=!4m7!3m6!1s0x2e69ff39fbad7737:0xaf4798b9d01513f4!8m2!3d-6.1614658!4d106.5734408!16s%2Fg%2F11h4wb0c32!19sChIJN3et-zn_aS4R9BMV0LmYR68?authuser=0&hl=id&rclk=1","Psikolog Industri dan Organisasi (Konsultan MSDM / HRD) BQND Consulting","5,0","(31)","Psikolog","·","Permata Tangerang blok, FA","Tutup","· Buka Sen pukul 09.00","·","0895-2777-8999","https://baquandilutviyoseanto.com/","","Situs Web","","Rute","",""
"https://www.google.com/maps/place/Mindfulivy+%7C+Psikolog+Anak,+Dewasa,+Couple+dan+Pernikahan/data=!4m7!3m6!1s0x2e69fba590c49563:0x8b9202a4a9363f4b!8m2!3d-6.3005582!4d106.6870495!16s%2Fg%2F11w8qcv2hw!19sChIJY5XEkKX7aS4RSz82qaQCkos?authuser=0&hl=id&rclk=1","Mindfulivy | Psikolog Anak, Dewasa, Couple dan Pernikahan","5,0","(248)","Psikolog","·","BSD City, Gedung Uttama Office, Lantai 2 Jl. Kalimantan No.D1 No. 8, Nusaloka","Tutup","· Buka Sen pukul 09.00","","","https://mindfulivy.com/","","Situs Web","","Rute","https://ssl.gstatic.com/local/servicebusiness/default_user.png",""""
"https://www.google.com/maps/place/Bicarakan+-+Konsultasi+%26+Konseling+dengan+Psikolog+Profesional/data=!4m7!3m6!1s0x2e69f1026963e535:0x2d2f919c22ba7cbe!8m2!3d-6.2285654!4d106.7999714!16s%2Fg%2F11mvzm2rqv!19sChIJNeVjaQLxaS4Rvny6IpyRLy0?authuser=0&hl=id&rclk=1","Bicarakan - Konsultasi & Konseling dengan Psikolog Profesional","4,8","(165)","Psikolog","·","IDX Tower 1, Jl. Jenderal Sudirman No.304 Level 3, RT.1/RW.3","Buka","· Tutup pukul 20.00","·","0819-1000-9224","https://www.bicarakan.id/","","Situs Web","","Rute","https://ssl.gstatic.com/local/servicebusiness/default_user.png","""Seru belajar tentang fisikolog dengan penuh pengalaman yang lebih baik"""
"https://www.google.com/maps/place/Biro+Psikologi+Esensia+Psychology+Consultant/data=!4m7!3m6!1s0x2e418ff9dddd66c5:0x9deb2d8e0b593b46!8m2!3d-6.0283798!4d106.0433658!16s%2Fg%2F11hr9z5b05!19sChIJxWbd3fmPQS4RRjtZC44t650?authuser=0&hl=id&rclk=1","Biro Psikologi Esensia Psychology Consultant","5,0","(42)","Psikolog","·","Jl. Bukit Baja Griya Komplek BBS 3 Blk B3 No.1A","Tutup","· Buka Sel pukul 13.00","·","0821-3810-5551","","","Rute","","","https://ssl.gstatic.com/local/servicebusiness/default_user.png","""Konsultasi di sini worth to try, programnya worth every penny!"""
"https://www.google.com/maps/place/Rumah+Konseling+Aku+Temanmu/data=!4m7!3m6!1s0x2e41f50d70fa0a79:0x9746a0d12cf7725f!8m2!3d-6.1178779!4d106.1738485!16s%2Fg%2F11hplmd96f!19sChIJeQr6cA31QS4RX3L3LNGgRpc?authuser=0&hl=id&rclk=1","Rumah Konseling Aku Temanmu","5,0","(16)","Klinik Pengajaran Psikologi","·","Jl. Trip Jamaksari Gg. Garuda No. 70, Komplek Bungur Indah, Rt/Rw 01/15, Kel","Tutup","· Buka Sen pukul 09.00","·","0851-7531-0723","","","Rute","","","https://ssl.gstatic.com/local/servicebusiness/default_user.png","""nyaman banget, tempatnya bersih nyaman, pelayanan nya kerennn"""
"https://www.google.com/maps/place/Yayasan+Praktek+Psikolog+Indonesia+Cabang+Gading+Serpong/data=!4m7!3m6!1s0x2e69f9c37a48d067:0x6b214714d852b062!8m2!3d-6.2310193!4d106.640561!16s%2Fg%2F11trhv1587!19sChIJZ9BIesP5aS4RYrBS2BRHIWs?authuser=0&hl=id&rclk=1","Yayasan Praktek Psikolog Indonesia Cabang Gading Serpong","4,0","(7)","Psikolog","·","Ruko Paramount Union Square, Jl. Raya Kelapa Gading Utara No.C-17, RT.004/RW.002","Tutup","· Buka Sen pukul 08.00","·","0812-1345-8601","http://www.praktekpsikolog.com/","","Situs Web","","Rute","https://ssl.gstatic.com/local/servicebusiness/default_user.png",""""
"https://www.google.com/maps/place/RUMAH+HAMKA-+Psikologi+klinik+tumbuh+kembang+anak/data=!4m7!3m6!1s0x2e69f14667ed1e4f:0xce966f5c827538df!8m2!3d-6.2354568!4d106.7289541!16s%2Fg%2F11j7z11yzx!19sChIJTx7tZ0bxaS4R3zh1glxvls4?authuser=0&hl=id&rclk=1","RUMAH HAMKA- Psikologi klinik tumbuh kembang anak","5,0","(9)","Klinik Spesialis","·","Jalan Professor Doktor Hamka, Jl. Caplin 1 Gg. Bakti II No.1. No.38, RT.003/RW.011","Buka","· Tutup pukul 17.00","·","0812-9421-0368","http://www.rumahhamka.com/","","Situs Web","","Rute","https://ssl.gstatic.com/local/servicebusiness/default_user.png","""Sabar, cintai dan ikhitiar syukuri anugrah Allah, insya Allah berkah"""
"https://www.google.com/maps/place/Optimax+Potential+Indonesia+%E2%80%A2+Layanan+Psikologi/data=!4m7!3m6!1s0x2e418f2a2ea33305:0x5ad7a46e37f34493!8m2!3d-6.00895!4d106.0609407!16s%2Fg%2F11frmnstbj!19sChIJBTOjLiqPQS4Rk0TzN26k11o?authuser=0&hl=id&rclk=1","Optimax Potential Indonesia • Layanan Psikologi","5,0","(62)","Psikolog","·","Jl. Kapten Piere Tendean","","","","0859-4515-7373","","","Rute","","","https://ssl.gstatic.com/local/servicebusiness/default_user.png","""hasil yg ditemukan di saat tesnya sesuai dengan kondisi aktual."""
"https://www.google.com/maps/place/Klinik+Utama+Sejiwaku:+Klinik+Psikiater+Anak+dan+Dewasa+Jakarta+Barat/data=!4m7!3m6!1s0x2e69f7fa21dbecc7:0xda6e81b3a1215651!8m2!3d-6.1907762!4d106.7605493!16s%2Fg%2F11kbxkwp95!19sChIJx-zbIfr3aS4RUVYhobOBbto?authuser=0&hl=id&rclk=1","Klinik Utama Sejiwaku: Klinik Psikiater Anak dan Dewasa Jakarta Barat","5,0","(1.147)","Rumah Sakit","·","·","Tutup","· Buka Sen pukul 08.00","Plaza Jl. Perjuangan Blok A No.2, RT.1/RW.7","0899-7225-800","http://www.kliniksejiwaku.com/","","Situs Web","","Rute","https://ssl.gstatic.com/local/servicebusiness/default_user.png","""Pelayanan bagus, dan dokternya juga membantu dalam tahapan konseling."""
"https://www.google.com/maps/place/Lingkar+Psikologi+%28Konseling+Corner%29/data=!4m7!3m6!1s0x2e69fbafd02c3ad9:0x5f4380d31956436b!8m2!3d-6.3045312!4d106.6428081!16s%2Fg%2F11v3lfllj0!19sChIJ2Tos0K_7aS4Ra0NWGdOAQ18?authuser=0&hl=id&rclk=1","Lingkar Psikologi (Konseling Corner)","4,3","(6)","Rumah Sakit Jiwa","·","Jl. BSD Raya Utama","Buka","· Tutup pukul 19.30","·","0895-0417-3418","https://instagram.com/psycircle.id?igshid=MzRlODBiNWFlZA==","","Situs Web","","Rute","https://ssl.gstatic.com/local/servicebusiness/default_user.png","""Psikolognya enak diajak ngobrol, aku ceritanya jadi ngalirr ajja"""
"https://www.google.com/maps/place/Peaceful+Life,+Hipnoterapi+dan+Konseling+%28Hipnoterapis+AWGI%29/data=!4m7!3m6!1s0x2e69ff9126e7642b:0x88745a8ddfd215c9!8m2!3d-6.1582535!4d106.5669437!16s%2Fg%2F11f4_394rk!19sChIJK2TnJpH_aS4RyRXS341adIg?authuser=0&hl=id&rclk=1","Peaceful Life, Hipnoterapi dan Konseling (Hipnoterapis AWGI)","5,0","(34)","Klinik Kesehatan Mental","·","Jl. Mawar Raya No.1 Blk D1","Buka","· Tutup pukul 17.00","·","0821-2277-4888","","","Rute","","","https://ssl.gstatic.com/local/servicebusiness/default_user.png","""Saya merasa lebih tenang dan lega setelah menjalani terapi hypnotherapy."""
"https://www.google.com/maps/place/Magnaka+Psikologi+%28Psikolog+Tangerang+Selatan%29/data=!4m7!3m6!1s0x8a0db39e26bad71b:0x4daf747a693157a1!8m2!3d-6.303122!4d106.678177!16s%2Fg%2F11m_45ycrs!19sChIJG9e6Jp6zDYoRoVcxaXp0r00?authuser=0&hl=id&rclk=1","Magnaka Psikologi (Psikolog Tangerang Selatan)","5,0","(10)","Psikolog","·","Jl. Palm Merah Blok UK No.21, RT.5/RW.6","Buka","· Tutup pukul 21.00","·","0813-2281-8198","https://www.psikologtangerang.com/","","Situs Web","","Rute","https://ssl.gstatic.com/local/servicebusiness/default_user.png","""Psikolognya ramah, sabar, dan bikin aku merasa didengar dengan baik."""
"https://www.google.com/maps/place/Yamet+Tangerang/data=!4m7!3m6!1s0x2e69ff7438c092b9:0xdbcc3f52326f6d7b!8m2!3d-6.1998046!4d106.629497!16s%2Fg%2F11t_gwtssx!19sChIJuZLAOHT_aS4Re21vMlI_zNs?authuser=0&hl=id&rclk=1","Yamet Tangerang","5,0","(45)","Psikiater anak","·","ruko ayodhya square, Jl. MH. Thamrin No.20 Blk A, RT.001/RW.004","Tutup","· Buka Sen pukul 08.00","·","0817-0061-150","","","Rute","","","https://ssl.gstatic.com/local/servicebusiness/default_user.png","""Terapisnya membantu dalam memperbaiki tumbuh kembang anak saya."""
"https://www.google.com/maps/place/RSKJ+Dharmawangsa+-+Konsultasi+Psikolog+%26+Psikiater+Jakarta/data=!4m7!3m6!1s0x2e69f176de42e84f:0x1e0b5ed407442b7e!8m2!3d-6.2551195!4d106.8026202!16s%2Fg%2F11b7wn16j9!19sChIJT-hC3nbxaS4RfitEB9ReCx4?authuser=0&hl=id&rclk=1","RSKJ Dharmawangsa - Konsultasi Psikolog & Psikiater Jakarta","4,2","(179)","Klinik Kesehatan Mental","·","·","Buka","· Tutup pukul 12.00 · Buka kembali pukul 14.00","RSK Dharmawangsa Jl. Dharmawangsa Raya No.13 5, RT.5/RW.2","(021) 7394484","http://www.rsdharmawangsa.com/","","Situs Web","","Rute","https://ssl.gstatic.com/local/servicebusiness/default_user.png","""Ruang praktik dokter juga lebih bersuasana rumah, friendly."""
"https://www.google.com/maps/place/Praktek+Psikolog;+Hedz+Psikologi:+Pusat+Psikotes,+Terapi,+Training,+dan+Konsultasi+Psikolog/data=!4m7!3m6!1s0x2e69ef9a0b5fcf29:0x73409e034586359!8m2!3d-6.297434!4d106.7944245!16s%2Fg%2F11tj23fgn2!19sChIJKc9fC5rvaS4RWWNYNOAJNAc?authuser=0&hl=id&rclk=1","Praktek Psikolog; Hedz Psikologi: Pusat Psikotes, Terapi, Training, dan Konsultasi Psikolog","5,0","(65)","Rumah Sakit Jiwa","·","Gapura Office:, Jl. RS. Fatmawati Raya No.Blok A18, RT.4/RW.4","Tutup","· Buka Sen pukul 08.00","·","0851-7965-6671","http://hedzpsikologi.com/","","Situs Web","","Rute","https://ssl.gstatic.com/local/servicebusiness/default_user.png",""""
"https://www.google.com/maps/place/BIRO+KONSULTASI+PSIKOLOGI+PESONA/data=!4m7!3m6!1s0x2e6a000023b78173:0x1df89d4f2b8e2e7f!8m2!3d-6.1443483!4d106.5366078!16s%2Fg%2F11c2kwjtcb!19sChIJc4G3IwAAai4Rfy6OK0-d-B0?authuser=0&hl=id&rclk=1","BIRO KONSULTASI PSIKOLOGI PESONA","4,4","(7)","Psikolog","","·","Buka","· Tutup pukul 17.00","","0896-4996-2101","","","Rute","","","",""
"https://www.google.com/maps/place/Yayasan+Keluarga+Biro+Konsultasi+Psikologi+Nuansa/data=!4m7!3m6!1s0x2e69fed9150cdd77:0xb8f05b78ce4164cb!8m2!3d-6.1868714!4d106.6130864!16s%2Fg%2F11bbrgfb2_!19sChIJd90MFdn-aS4Ry2RBznhb8Lg?authuser=0&hl=id&rclk=1","Yayasan Keluarga Biro Konsultasi Psikologi Nuansa","5,0","(3)","Psikolog","·","RJ77+764, Jl. Proklamasi, RT.004/RW.009","Tutup","· Buka Sen pukul 09.00","·","0812-8453-550","https://nuansaconsulting.com/","","Situs Web","","Rute","",""
"https://www.google.com/maps/place/Psikolog+Klinis+Tanti+Kusmiati,+A.Md.TW.,+S.Psi.,+M.Psi.,+Psikolog,+CH,+CHt+%28Certified+Hipnotherapy%29%29/data=!4m7!3m6!1s0x2e69fb684aad4053:0x87edf7e492c8e71f!8m2!3d-6.2939818!4d106.7040914!16s%2Fg%2F11vc5mrmct!19sChIJU0CtSmj7aS4RH-fIkuT37Yc?authuser=0&hl=id&rclk=1","Psikolog Klinis Tanti Kusmiati, A.Md.TW., S.Psi., M.Psi., Psikolog, CH, CHt (Certified Hipnotherapy))","5,0","(101)","Psikolog","·","Jl. Komp. Villa Bintaro Indah Jl. Kalimantan","Tutup","· Buka pukul 14.00","·","0819-0896-0073","https://www.fideya.my.id/","","Situs Web","","Rute","https://ssl.gstatic.com/local/servicebusiness/default_user.png","""Pengalaman pertama ke"
"https://www.google.com/maps/place/Psikologi+Hubungan/data=!4m7!3m6!1s0x2e41f328dda2b839:0x4f05cf2edc0699a9!8m2!3d-6.0374713!4d106.167476!16s%2Fg%2F11cr_h98n8!19sChIJObii3SjzQS4RqZkG3C7PBU8?authuser=0&hl=id&rclk=1","Psikologi Hubungan","5,0","(3)","Psikolog","·","X578+2X9, Gg. Swaztika","Tutup","· Buka pukul 16.00","·","0878-0818-2009","http://jeinspirate.blogspot.com/","","Situs Web","","Rute","",""
"https://www.google.com/maps/place/Praktek+Psikolog+Cabang+Tangerang+Kota/data=!4m7!3m6!1s0x2e69f9bdcf460155:0xdaf46a1a984e479f!8m2!3d-6.2137017!4d106.6295677!16s%2Fg%2F11w8yc0csv!19sChIJVQFGz735aS4Rn0dOmBpq9No?authuser=0&hl=id&rclk=1","Praktek Psikolog Cabang Tangerang Kota","5,0","(1)","Psikoterapis","·","GREAT WESTERN RESORT GF blok SG no 2, Jl. MH. Thamrin No.Km 2,7, RT.004/RW.002","Tutup","· Buka Sen pukul 09.00","·","0878-8718-4585","http://www.praktekpsikolog.com/","","Situs Web","","Rute","",""
"https://www.google.com/maps/place/Praktek+Psikolog+Fatma+Nur+Aqmarina/data=!4m7!3m6!1s0x2e69eded90c1a40d:0x6fd40ac51c824434!8m2!3d-6.3232623!4d106.8297196!16s%2Fg%2F11f6cs4m87!19sChIJDaTBkO3taS4RNESCHMUK1G8?authuser=0&hl=id&rclk=1","Praktek Psikolog Fatma Nur Aqmarina","5,0","(21)","Psikolog","·","Jl. Joe Klp. Tiga Gg. H. Salam No.39, RT.1/RW.3","Buka","· Tutup pukul 17.00","·","0856-9796-1197","","","Rute","","","https://ssl.gstatic.com/local/servicebusiness/default_user.png","""Kami merasa terbantu setelah berkonsultasi dengan Bu Fatma."""
"https://www.google.com/maps/place/Praktek+Psikolog+Indonesia+Balikpapan/data=!4m7!3m6!1s0x2df1475efe21777b:0xa0f290c1a3242949!8m2!3d-1.276864!4d116.841226!16s%2Fg%2F11tcx89krz!19sChIJe3ch_l5H8S0RSSkko8GQ8qA?authuser=0&hl=id&rclk=1","Praktek Psikolog Indonesia Balikpapan","5,0","(6)","Psikolog","·","Atwork Co-Working Space, Jl. Jenderal Sudirman No.43, RT.07","Buka","· Tutup pukul 20.00","·","0812-1345-8601","https://praktekpsikolog.com/","","Situs Web","","Rute","",""
"https://www.google.com/maps/place/INSAN-Q+Psychological+Services/data=!4m7!3m6!1s0x2e418e119362c9df:0x93902383f9c92c53!8m2!3d-6.0105842!4d106.0506781!16s%2Fg%2F11csqt4wv7!19sChIJ38likxGOQS4RUyzJ-YMjkJM?authuser=0&hl=id&rclk=1","INSAN-Q Psychological Services","4,9","(100)","Psikolog","·","·","Tutup","· Buka Sen pukul 08.00","Ruko Bonakarta A30, 42414","(0254) 386720","https://insanq.co.id/","","Situs Web","","Rute","https://ssl.gstatic.com/local/servicebusiness/default_user.png","""Tempat nyaman, pelayanan baik, membantu banget buat yg mau konseling"""
"https://www.google.com/maps/place/Praktik+Psikolog+Klinis+Anita+Tresiana,+S.Psi.,+M.Psi.,+Psikolog/data=!4m7!3m6!1s0x2e418bc40a0e037b:0xa779ad2d6af91545!8m2!3d-6.1027205!4d106.1413825!16s%2Fg%2F11wvw3rp6t!19sChIJewMOCsSLQS4RRRX5ai2teac?authuser=0&hl=id&rclk=1","Praktik Psikolog Klinis Anita Tresiana, S.Psi., M.Psi., Psikolog","4,9","(10)","Psikolog","·","Jl. Cendrawasih Jl. Komp. Tegal Padang No.11","","","","","","","Rute","","","https://ssl.gstatic.com/local/servicebusiness/default_user.png","""Sangat baik pelayanan dan terapinya."""
"https://www.google.com/maps/place/Psikiater+dr.+DEQUARTA+SPLINARIA+UMAR,+Sp.K.J./data=!4m7!3m6!1s0x2e69f78606e59cd5:0xb5630b86a8f22cb8!8m2!3d-6.197637!4d106.7655491!16s%2Fg%2F11pzrgrzzb!19sChIJ1ZzlBob3aS4RuCzyqIYLY7U?authuser=0&hl=id&rclk=1","Psikiater dr. DEQUARTA SPLINARIA UMAR, Sp.K.J.","4,7","(34)","Psikiater","·","Jalan Lapangan Bola No.3 D RT/RW 006/01, RT.6/RW.1","Tutup","· Buka Sel pukul 16.00","·","0812-9278-7878","","","Rute","","","https://ssl.gstatic.com/local/servicebusiness/default_user.png","""Dokter nya mantap baik obatnya lengkap murah"""
"https://www.google.com/maps/place/Rumah+Psikolog/data=!4m7!3m6!1s0x2e69f1cf38044669:0xc2065cf4f11b46dc!8m2!3d-6.2948348!4d106.7395528!16s%2Fg%2F11h88h4gr2!19sChIJaUYEOM_xaS4R3EYb8fRcBsI?authuser=0&hl=id&rclk=1","Rumah Psikolog","5,0","(2)","Psikolog","·","Jl. Plamboyan Blok D/KH No.25, RT.4/RW.4","","","","","","","Rute","","","https://ssl.gstatic.com/local/servicebusiness/default_user.png","""Rumah yg bagus dan besar
Penghuninya ramah..."""
"https://www.google.com/maps/place/Yayasan+Praktek+Psikolog+Indonesia+Cabang+Pantai+Indah+Kapuk/data=!4m7!3m6!1s0x2e6a1dec2b2a9f67:0x2ec7a718e4db4cd5!8m2!3d-6.116601!4d106.7567786!16s%2Fg%2F11pzffspkk!19sChIJZ58qK-wdai4R1Uzb5Binxy4?authuser=0&hl=id&rclk=1","Yayasan Praktek Psikolog Indonesia Cabang Pantai Indah Kapuk","4,9","(20)","Psikolog","·","Arcade Bussiness Center 6th Floor Unit 6-03 Jl. Pantai Indah Utara 2 Kav. C1 PIK, RT.2/RW.7","Tutup","· Buka Sen pukul 08.00","·","0812-1345-8601","http://www.praktekpsikolog.com/","","Situs Web","","Rute","https://ssl.gstatic.com/local/servicebusiness/default_user.png","""Psklog yg sgt profesional,sangat terbantu sekali.."""
"https://www.google.com/maps/place/Thinkplus+Psikologi+-+Kalimantan/data=!4m7!3m6!1s0x2df14794f1433129:0xa77ee0c556222a3f!8m2!3d-1.2233943!4d116.8830289!16s%2Fg%2F11g2_2k4sf!19sChIJKTFD8ZRH8S0RPyoiVsXgfqc?authuser=0&hl=id&rclk=1","Thinkplus Psikologi - Kalimantan","4,9","(284)","Psikolog","·","Jl. Sepinggan Pratama No.6 Blok D1","Buka","· Tutup pukul 17.00","·","0853-4625-5395","http://thinkpluspsikologi.com/","","Situs Web","","Rute","https://ssl.gstatic.com/local/servicebusiness/default_user.png","""Pelayanan bagus, staf ramah, mudah dalam menjelaskan, tempat nyaman 👍"""
"https://www.google.com/maps/place/HANABITA+Sawangan+Praktik+Psikolog+dan+Pusat+Terapi+Tumbuh+Kembang+Anak/data=!4m7!3m6!1s0x2e69ef3c0ab7b279:0x72580e15afc9c509!8m2!3d-6.3678294!4d106.7544025!16s%2Fg%2F11cn17ykqf!19sChIJebK3CjzvaS4RCcXJrxUOWHI?authuser=0&hl=id&rclk=1","HANABITA Sawangan Praktik Psikolog dan Pusat Terapi Tumbuh Kembang Anak","5,0","(32)","Psikolog","·","Jl. Raya Pahlawan No.86","Buka","· Tutup pukul 17.00","·","0877-8828-3336","http://www.hanabita.com/","","Situs Web","","Rute","https://ssl.gstatic.com/local/servicebusiness/default_user.png","""Tempat terapi yg homy untuk toddler."""
"https://www.google.com/maps/place/Psikolog+%26+Terapi+Fideya/data=!4m7!3m6!1s0x2e69fbdef5dac587:0xad9328ff7be70b33!8m2!3d-6.2940484!4d106.7039734!16s%2Fg%2F11h22h_dzl!19sChIJh8Xa9d77aS4RMwvne_8ok60?authuser=0&hl=id&rclk=1","Psikolog & Terapi Fideya","5,0","(36)","Psikolog","·","Blok B3.19A Jalan Kalimantan, Kompleks Jl. Komp. Villa Bintaro Indah","Tutup","· Buka Sen pukul 08.00","·","0819-0896-0073","http://www.fideya.my.id/","","Situs Web","","Rute","https://ssl.gstatic.com/local/servicebusiness/default_user.png","""Bagus..anak sy banyak kemajuan setelah terapi di fideya"""
"https://www.google.com/maps/place/Praktek+Psikolog+Cabang+Kembangan/data=!4m7!3m6!1s0x2e69f7bd6133ad2f:0xafc8826e90d9a64!8m2!3d-6.2084958!4d106.7641806!16s%2Fg%2F11sb325dy6!19sChIJL60zYb33aS4RZJoN6SaI_Ao?authuser=0&hl=id&rclk=1","Praktek Psikolog Cabang Kembangan","5,0","(5)","Psikolog","·","Infiniti Office, Permata Regency, Jl. H. Kelik No.1 D/37, RT.1/RW.6","Tutup","· Buka Sen pukul 08.00","·","0812-1249-3404","http://www.praktekpsikolog.com/","","Situs Web","","Rute","https://ssl.gstatic.com/local/servicebusiness/default_user.png","""Tempat ok dan suasana sangat menunjang utk konsultasi"""
"https://www.google.com/maps/place/Kinderh%C3%BCtte/data=!4m7!3m6!1s0x2e69e51dd7674faf:0xe8498c0ba1302038!8m2!3d-6.336723!4d106.6381197!16s%2Fg%2F11jg4hgdxb!19sChIJr09n1x3laS4ROCAwoQuMSeg?authuser=0&hl=id&rclk=1","Kinderhütte","4,8","(32)","Psikolog","·","Serpong Garden 1, Green Park No.C08/09","Tutup","· Buka Sen pukul 09.00","·","0812-1111-6907","https://kinderhuette.com/","","Situs Web","","Rute","https://ssl.gstatic.com/local/servicebusiness/default_user.png","""Menyenangkan sekali konseling dengan mbak Maria Yulinda."""
"https://www.google.com/maps/place/Praktek+Psikolog+Dianda+Azani/data=!4m7!3m6!1s0x2e69f3c1d04ad941:0x3afcfa32761ba269!8m2!3d-6.2540911!4d106.8455826!16s%2Fg%2F11h2hjrfx_!19sChIJQdlK0MHzaS4RaaIbdjL6_Do?authuser=0&hl=id&rclk=1","Praktek Psikolog Dianda Azani","5,0","(15)","Psikolog","·","Jl. Duren Tiga Indah IV No.G 23 A, RT.5/RW.7","Buka","· Tutup pukul 17.00","·","0878-7051-9230","http://www.azanidianda.com/","","Situs Web","","Rute","https://ssl.gstatic.com/local/servicebusiness/default_user.png","""Bagus banget"""
"https://www.google.com/maps/place/Grahita+Indonesia+Produksi/data=!4m7!3m6!1s0x2e69ff221869a80f:0x5c9831f5d9c51e00!8m2!3d-6.1763348!4d106.6064595!16s%2Fg%2F11bzwp88j3!19sChIJD6hpGCL_aS4RAB7F2fUxmFw?authuser=0&hl=id&rclk=1","Grahita Indonesia Produksi","5,0","(6)","Psikolog","·","Jl. Bugel Mas Indah No.02 blok D9, RT.004/RW.006","Tutup","· Buka Sen pukul 09.00","·","(021) 5517190","https://grahita.org/tentang-kami/","","Situs Web","","Rute","",""
"https://www.google.com/maps/place/Yayasan+Praktek+Psikolog+Indonesia+Cabang+Jakbar/data=!4m7!3m6!1s0x2e6a1d001d5c0e37:0x30562398a2a2d33!8m2!3d-6.1354556!4d106.7355809!16s%2Fg%2F11rhcdd6lq!19sChIJNw5cHQAdai4RMy0qijliBQM?authuser=0&hl=id&rclk=1","Yayasan Praktek Psikolog Indonesia Cabang Jakbar","5,0","(1)","Psikolog","·","Rukan City, The City Tesort Residence Rukan Malibu BI. I, RT.7/RW.14","","","","","http://www.praktekpsikolog.com/","","Situs Web","","Rute","",""
"https://www.google.com/maps/place/Rumah+Konseling/data=!4m7!3m6!1s0x2e69ef91a91fd8fd:0x6bd678fb9f3a6ecd!8m2!3d-6.3295141!4d106.7379629!16s%2Fg%2F11b6z7z5w1!19sChIJ_dgfqZHvaS4RzW46n_t41ms?authuser=0&hl=id&rclk=1","Rumah Konseling","4,5","(12)","Psikolog","·","Jl. H. Saidin No.17","Tutup","· Buka pukul 10.00","·","(021) 7491577","http://facebook.com/rumahkonseling","","Situs Web","","Rute","https://ssl.gstatic.com/local/servicebusiness/default_user.png","""Psikotest kematangan sekolah untuk anak sy umur 6tahun."""
"https://www.google.com/maps/place/Sahabat+ilmu/data=!4m7!3m6!1s0x2e69f1ca870ad655:0xce7ad6730769914c!8m2!3d-6.3108453!4d106.7259783!16s%2Fg%2F11tfj3nsyp!19sChIJVdYKh8rxaS4RTJFpB3PWes4?authuser=0&hl=id&rclk=1","Sahabat ilmu","5,0","(8)","Psikolog Anak","·","·","Buka","· Tutup pukul 15.00","Jl. Suka Damai No.100C","0813-2374-8400","https://linktr.ee/rumahsahabatilmu?fbclid=PAY2xjawIRKwpleHRuA2FlbQIxMQABptvF3tF_UK_4ty1OurGY9nwBb74qz_Z0qbnCFhnKwGOkIEdffIDGf65eKg_aem_zFe-ZvB_9N7nhfODJYoFCg","","Situs Web","","Rute","",""
"https://www.google.com/maps/place/Praktik+Psikolog+Debby+Nursita+Dewi,+S.+Psi.,+M.+Si.,+Psikolog/data=!4m7!3m6!1s0x2e69e5fbfdd2e2fb:0x82d6e5e0aac76f6b!8m2!3d-6.3217717!4d106.7137758!16s%2Fg%2F11v03y9lmr!19sChIJ--LS_fvlaS4Ra2_HquDl1oI?authuser=0&hl=id&rclk=1","Praktik Psikolog Debby Nursita Dewi, S. Psi., M. Si., Psikolog","5,0","(3)","Rumah Sakit Jiwa","·","no 5, Sarua Ciputat, Blk 35","","","","","","","Rute","","","https://ssl.gstatic.com/local/servicebusiness/default_user.png","""Tempatnya nyaman dan ruangannya bersih."""
"https://www.google.com/maps/place/Bee+Genius/data=!4m7!3m6!1s0x2e69fd22ddde90cb:0x2f06279e017ba77!8m2!3d-6.2585137!4d106.6144779!16s%2Fg%2F11l1ycy807!19sChIJy5De3SL9aS4Rd7oX4Hli8AI?authuser=0&hl=id&rclk=1","Bee Genius","5,0","(243)","Psikolog Anak","·","Jl. Dalton Utara No.52","Tutup","· Buka Sen pukul 09.00","·","0811-1130-052","https://beegenius.id/tangerang/","","Situs Web","","Rute","https://ssl.gstatic.com/local/servicebusiness/default_user.png","""tempat terapi yang affordable, bersih, gurunya juga ramah."""
"https://www.google.com/maps/place/LAYANAN+UJI+PSIKOLOGI+SERANG+KABUPATEN/data=!4m7!3m6!1s0x2e41f7cfb1b267ad:0x73a1157c63069bf3!8m2!3d-6.1429634!4d106.2579528!16s%2Fg%2F11s49jj4mz!19sChIJrWeysc_3QS4R85sGY3wVoXM?authuser=0&hl=id&rclk=1","LAYANAN UJI PSIKOLOGI SERANG KABUPATEN","","","Klinik Medis","·","V798+3PJ, Jl. Raya Serang - Jkt","","","","","","","Rute","","","",""
"https://www.google.com/maps/place/Praktek+Psikologi+Dra+Juwati+Darmawidjaja/data=!4m7!3m6!1s0x2e69e5006a7e5aab:0x7e48799d218cf8d1!8m2!3d-6.3038486!4d106.6797717!16s%2Fg%2F11nc7fzdb3!19sChIJq1p-agDlaS4R0fiMIZ15SH4?authuser=0&hl=id&rclk=1","Praktek Psikologi Dra Juwati Darmawidjaja","5,0","(1)","Klinik Medis","·","Blok BJ no 09, Jl. Palm Sulur No.RT.1, RW.11","","","","","","","Rute","","","",""
"https://www.google.com/maps/place/INDONESIA+SEHAT+Biro+Psikologi+dan+Konsultasi+:+Jasa+Psikolog/data=!4m7!3m6!1s0x2e6993873e75f0b3:0x1a091ab2618b9ebe!8m2!3d-6.2961218!4d106.9288011!16s%2Fg%2F11h07kxtqh!19sChIJs_B1PoeTaS4Rvp6LYbIaCRo?authuser=0&hl=id&rclk=1","INDONESIA SEHAT Biro Psikologi dan Konsultasi : Jasa Psikolog","4,9","(272)","Psikolog","·","PW3H+HGF, Bekasi 17414, Jl. Masjid Rw. Bacang Jl. Mawar Melati No.24, RT.005/RW.013","Buka","· Tutup pukul 16.00","·","0878-8586-3394","https://sites.google.com/view/indonesia-sehat-psikologi","","Situs Web","","Rute","https://ssl.gstatic.com/local/servicebusiness/default_user.png","""penyampaiannya sangat informatif nyaman dan mudah dipahami."""
"https://www.google.com/maps/place/Cahaya+Psikologi+Indonesia/data=!4m7!3m6!1s0x2e69efa06d746d9b:0x9c4c5a74b1aa4617!8m2!3d-6.3422191!4d106.7478118!16s%2Fg%2F11cjhzv4k_!19sChIJm210baDvaS4RF0aqsXRaTJw?authuser=0&hl=id&rclk=1","Cahaya Psikologi Indonesia","4,3","(6)","Psikolog","·","Jl. Poksay No.A5 No.2","Tutup","· Buka Sen pukul 09.00","·","0822-9890-0600","","","Rute","","","",""
"https://www.google.com/maps/place/Bileva+Konsultasi+Dan+Terapi+Psikologi/data=!4m7!3m6!1s0x2e69ed811da9b80d:0xc73fb6721cfa008e!8m2!3d-6.2933776!4d106.8577954!16s%2Fg%2F11c1nyrnj0!19sChIJDbipHYHtaS4RjgD6HHK2P8c?authuser=0&hl=id&rclk=1","Bileva Konsultasi Dan Terapi Psikologi","5,0","(86)","Psikolog","·","Jl. Waru No.46, RT.2/RW.3","Buka","· Tutup pukul 13.00","·","0859-5966-6535","","","Rute","","","https://ssl.gstatic.com/local/servicebusiness/default_user.png","""Sangat membantu bagi tumbuh kembang putera/puteri kita yang memerlukan."""
"https://www.google.com/maps/place/ADITI+PSYCHOLOGICAL+CENTER/data=!4m7!3m6!1s0x2e69f357f18920c3:0x8d0403572bae22e!8m2!3d-6.261887!4d106.830339!16s%2Fg%2F11q94jm0jk!19sChIJwyCJ8VfzaS4RLuK6cjVA0Ag?authuser=0&hl=id&rclk=1","ADITI PSYCHOLOGICAL CENTER","4,9","(1.182)","Psikolog","·","Komplek Perkantoran, Jl. Kalibata Tengah No.35 C, RT.11/RW.7","Buka","· Tutup pukul 21.00","·","0812-1290-9085","http://www.aditipsychocenter.com/","","Situs Web","","Rute","https://ssl.gstatic.com/local/servicebusiness/default_user.png","""Psikolognya ramah, mendengarkan dengan baik, dan merespon dengan baik."""
"https://www.google.com/maps/place/Klinik+Utama+Sehat+Jiwa/data=!4m7!3m6!1s0x2e69fb007990d72f:0x60c7c7b1ef7bc790!8m2!3d-6.2593823!4d106.6311476!16s%2Fg%2F11lzdbzdlq!19sChIJL9eQeQD7aS4RkMd777HHx2A?authuser=0&hl=id&rclk=1","Klinik Utama Sehat Jiwa","4,8","(26)","Psikoterapis","·","Ruko Pisa Grande, Jl. Ir.Sukarno No.E12","Tutup","· Buka pukul 10.00","·","0821-5111-8998","","","Rute","","","https://ssl.gstatic.com/local/servicebusiness/default_user.png","""Pelayanan sangat baik, Konsul dgn dr.Ezra sangat ramah dan profesional."""
"https://www.google.com/maps/place/Praktek+Psikolog+Indonesia+1/data=!4m7!3m6!1s0x2e69fba232d39c8d:0x3e3e6ff41828515!8m2!3d-6.2562354!4d106.7086572!16s%2Fg%2F11yntt_qtz!19sChIJjZzTMqL7aS4RFYWCQf_m4wM?authuser=0&hl=id&rclk=1","Praktek Psikolog Indonesia 1","","","Psikolog","·","Jl. Utama Puri Bintaro Hijau","Buka","· Tutup pukul 20.00","·","0812-1249-3404","https://praktekpsikolog.com/","","Situs Web","","Rute","",""
"https://www.google.com/maps/place/William%E2%80%99s+Kidz/data=!4m7!3m6!1s0x2e69fc0b3e5f2dcf:0xe218f69fe016c7a9!8m2!3d-6.242816!4d106.624048!16s%2Fg%2F1hhww4x87!19sChIJzy1fPgv8aS4RqccW4J_2GOI?authuser=0&hl=id&rclk=1","William’s Kidz","4,5","(50)","Psikolog Anak","·","Ruko Paramount Center B 17-19, Gading Serpong","Tutup","· Buka Sen pukul 09.00","·","(021) 29014756","http://www.prelic.net/","","Situs Web","","Rute","https://ssl.gstatic.com/local/servicebusiness/default_user.png","""Pelayanan OK, Ramah..fasilitas bagus benget."""
"https://www.google.com/maps/place/Klinik+Psikoneurologi+Metakognisi,+Tes+Psikologi,+Neuropsikologi,+Intervensi+%26+PKBM+Homeschooling/data=!4m7!3m6!1s0x2e69f13f5a6925b3:0x31279e423d7efad!8m2!3d-6.2211447!4d106.7634995!16s%2Fg%2F11bx5q1tqb!19sChIJsyVpWj_xaS4Rre_XI-R5EgM?authuser=0&hl=id&rclk=1","Klinik Psikoneurologi Metakognisi, Tes Psikologi, Neuropsikologi, Intervensi & PKBM Homeschooling","4,4","(14)","Klinik Kesehatan Mental","·","·","Tutup","· Buka Sen pukul 12.00","Jl. Permata Mediterania Raya, RT.9/RW.3","0821-2504-2534","","","Rute","","","",""
"https://www.google.com/maps/place/Ibunda.id+-+Konseling+Jakarta/data=!4m7!3m6!1s0x2e69f173b7ab67b5:0x99c399819b0374d!8m2!3d-6.2676421!4d106.8185612!16s%2Fg%2F11bw2_h8sb!19sChIJtWert3PxaS4RTTewGZg5nAk?authuser=0&hl=id&rclk=1","Ibunda.id - Konseling Jakarta","4,9","(2.280)","Psikolog","·","·","Tutup","· Buka Sen pukul 10.00","Jl. Kemang Dalam X D No.14 5, RT.5/RW.2","0819-1523-7935","https://www.ibunda.id/","","Situs Web","","Rute","https://ssl.gstatic.com/local/servicebusiness/default_user.png","""Tempatnya nyaman,bersih,adem, pelayanan baik.cocok buat konseling pokonya"""
"https://www.google.com/maps/place/Salvia+Therapy+Center+%26+Layanan+Psikologi/data=!4m7!3m6!1s0x2e69fbb2d2adb49b:0xee00aa4e225adcea!8m2!3d-6.3014148!4d106.6794407!16s%2Fg%2F11ff52cqfp!19sChIJm7St0rL7aS4R6txaIk6qAO4?authuser=0&hl=id&rclk=1","Salvia Therapy Center & Layanan Psikologi","5,0","(29)","Psikolog","·","Jl. Salvia 2 No.52 Blk UA","Tutup","· Buka Sen pukul 08.00","·","0812-8875-0162","https://www.anakpelangicenter.com/","","Situs Web","","Rute","https://ssl.gstatic.com/local/servicebusiness/default_user.png","""Tempat terapi nyaman, terapisnya berpengalaman, harga terjangkau."""
"https://www.google.com/maps/place/PT.+Grahita+Indonesia/data=!4m7!3m6!1s0x2e69fc2958ac61bf:0xa4376a9785091c15!8m2!3d-6.2276788!4d106.6072011!16s%2Fg%2F11c48g2z0c!19sChIJv2GsWCn8aS4RFRwJhZdqN6Q?authuser=0&hl=id&rclk=1","PT. Grahita Indonesia","3,7","(11)","Psikolog","·","·","Tutup","· Buka Sen pukul 09.00","Bizloft Soho Karawaci Lippo","0821-1243-0151","http://grahita.org/","","Situs Web","","Rute","https://ssl.gstatic.com/local/servicebusiness/default_user.png","""Bagus sekali"""
"https://www.google.com/maps/place/Praktek+Psikolog+Aurora+Putri+Astari,+M.Psi,+Psikolog./data=!4m7!3m6!1s0x2e6a1fea775b2b93:0x12bb201ac94c6dab!8m2!3d-6.128207!4d106.8526043!16s%2Fg%2F11h1yx2pj6!19sChIJkytbd-ofai4Rq21MyRoguxI?authuser=0&hl=id&rclk=1","Praktek Psikolog Aurora Putri Astari, M.Psi, Psikolog.","4,9","(420)","Psikolog","·","5, Jl. Teratai No.42, RT.5/RW.3","Tutup","· Buka Sen pukul 10.00","·","0819-9780-0089","http://www.triditalentaindonesia.com/","","Situs Web","","Rute","https://ssl.gstatic.com/local/servicebusiness/default_user.png","""Penjelasan dan konseling nya membantu, detail, dan nyaman"""
"https://www.google.com/maps/place/Praktek+Psikolog+Klinis+Dewasa-Seimbang.or/data=!4m7!3m6!1s0x2e69f3002fbc73c9:0x1d249ab08dda9a9c!8m2!3d-6.2321291!4d106.8317575!16s%2Fg%2F11xmp0sm5j!19sChIJyXO8LwDzaS4RnJrajbCaJB0?authuser=0&hl=id&rclk=1","Praktek Psikolog Klinis Dewasa-Seimbang.or","5,0","(3)","Psikolog","·","Jl. H. R. Rasuna Said No.X-5, RT.1/RW.2","Tutup","· Buka Sen pukul 08.00","·","0821-1678-8373","https://www.instagram.com/seimbang.or","","Situs Web","","Rute","https://ssl.gstatic.com/local/servicebusiness/default_user.png","""Well informed banget setelah beberapa tempat pernah gua coba."""
"https://www.google.com/maps/place/Psikolog+Rs+Adhyaksa+Jakarta+-+Konseling+Online,+Psikotes+dan+Training/data=!4m7!3m6!1s0x2e69eda5b42ad9d9:0xf1abba6670e78b79!8m2!3d-6.3079081!4d106.8926686!16s%2Fg%2F11nbsrlzt1!19sChIJ2dkqtKXtaS4ReYvncGa6q_E?authuser=0&hl=id&rclk=1","Psikolog Rs Adhyaksa Jakarta - Konseling Online, Psikotes dan Training","5,0","(23)","Psikolog","·","·","Buka","· Tutup pukul 16.00","Jl. Raya Mabes Hankam No.60, RT.7/RW.2","0882-1065-2220","https://www.psikologadhyaksa.com/","","Situs Web","","Rute","https://ssl.gstatic.com/local/servicebusiness/default_user.png",""""
"https://www.google.com/maps/place/Ohana+Space+-+The+Psychology+Space/data=!4m7!3m6!1s0x2e69f76753381fb3:0xfe035ab78ca306c2!8m2!3d-6.1839033!4d106.698302!16s%2Fg%2F11lgklw2kf!19sChIJsx84U2f3aS4RwgajjLdaA_4?authuser=0&hl=id&rclk=1","Ohana Space - The Psychology Space","5,0","(33)","Psikolog","·","Green Lake City, Rukan CBD Blok M Nomor 18A, RT.10/RW.11","Tutup","· Buka Sen pukul 09.00","·","(021) 31112920","https://ohanaspace.id/","","Situs Web","","Rute","https://ssl.gstatic.com/local/servicebusiness/default_user.png","""tempat sangat elegan, comfy, sejuk, dan bersih."""
"https://www.google.com/maps/place/Praktek+Psikolog+Indonesia+Kota+Bogor/data=!4m7!3m6!1s0x2e69c522454ccf7d:0x361bb62c10ceed34!8m2!3d-6.5817704!4d106.8129576!16s%2Fg%2F11sbn1lywm!19sChIJfc9MRSLFaS4RNO3OECy2GzY?authuser=0&hl=id&rclk=1","Praktek Psikolog Indonesia Kota Bogor","4,8","(15)","Psikolog","·","Reaksi Office, Jl. Palayu Raya No.2, RT.5/RW.10","Buka","· Tutup pukul 19.00","·","0812-1345-8601","https://praktekpsikolog.com/","","Situs Web","","Rute","https://ssl.gstatic.com/local/servicebusiness/default_user.png","""sangat recommend bagi yang mencari"
"https://www.google.com/maps/place/Five+Psikologi/data=!4m7!3m6!1s0x2e69ef007fd2a9a3:0x3e9eb081cb55561f!8m2!3d-6.321643!4d106.7535352!16s%2Fg%2F11vrmbq7x6!19sChIJo6nSfwDvaS4RH1ZVy4Gwnj4?authuser=0&hl=id&rclk=1","Five Psikologi","5,0","(22)","Psikolog","·","Jl. Lurah Disah Kholam Residence No.1","","","","0819-0814-3555","https://fivepsikologi.com/","","Situs Web","","Rute","https://ssl.gstatic.com/local/servicebusiness/default_user.png","""The best banget nih recommended terbaik"""
"https://www.google.com/maps/place/Spesialis+Psikiater/data=!4m7!3m6!1s0x2e69f3f70185d17b:0xf6e828e37ee97a43!8m2!3d-6.219871!4d106.832439!16s%2Fg%2F1yg4dgyw4!19sChIJe9GFAffzaS4RQ3rpfuMo6PY?authuser=0&hl=id&rclk=1","Spesialis Psikiater","4,5","(2)","Psikiater","·","RS MMC Kav C21, Jl. H. R. Rasuna Said, RT.1/RW.5","Buka","· Tutup pukul 17.00","·","(021) 5203435","http://rsmmc.co.id/","","Situs Web","","Rute","",""
"https://www.google.com/maps/place/Insight+Psikologi+%5BJaktim%5D+%7C+Psikolog+Konseling+Mental+Health+%26+Pernikahan+%7C+Terapi+Tumbuh+Kembang+Anak+%7C+Tes+IQ-Minat+Bakat/data=!4m7!3m6!1s0x2e69f495c8c19041:0x55f4b1adc2809ef4!8m2!3d-6.1829701!4d106.899004!16s%2Fg%2F11cl_kmp52!19sChIJQZDByJX0aS4R9J6Awq2x9FU?authuser=0&hl=id&rclk=1","Insight Psikologi [Jaktim] | Psikolog Konseling Mental Health & Pernikahan | Terapi Tumbuh Kembang Anak | Tes IQ-Minat Bakat","4,9","(155)","Psikolog","·","·","Buka","· Tutup pukul 15.00","Jl. Kamojang No.3A, RT.1/RW.4","0877-7768-4348","https://insightpsikologi.com/","","Situs Web","","Rute","https://ssl.gstatic.com/local/servicebusiness/default_user.png",""""
"https://www.google.com/maps/place/Yayasan+Praktek+Psikolog+Indonesia+Cabang+Depok/data=!4m7!3m6!1s0x2e69eb696ae40e81:0xabe6b13161c51b5e!8m2!3d-6.4127362!4d106.8213485!16s%2Fg%2F11ts388gb9!19sChIJgQ7kamnraS4RXhvFYTGx5qs?authuser=0&hl=id&rclk=1","Yayasan Praktek Psikolog Indonesia Cabang Depok","5,0","(11)","Psikolog","·","Ruko Verbena - Gapura Office, Jl. Boulevard Grand Depok City No.9 Komplek V","Tutup","· Buka Sen pukul 08.00","·","0812-1345-8601","http://www.praktekpsikolog.com/","","Situs Web","","Rute","https://ssl.gstatic.com/local/servicebusiness/default_user.png","""Maaf ini untuk biaya nya kisaran berapa ya min maaf sebelumnya trimakasih"""
"https://www.google.com/maps/place/shie+psychologycal+clinic+center/data=!4m7!3m6!1s0x2e42174d9a512bdb:0x20d8df76c65859e7!8m2!3d-6.3584205!4d106.2474933!16s%2Fg%2F11pv5n4bh9!19sChIJ2ytRmk0XQi4R51lYxnbf2CA?authuser=0&hl=id&rclk=1","shie psychologycal clinic center","","","Klinik Pengajaran Psikologi","·","multatuli street 25, Harsa area tower A, 1 to 3 floors","Tutup","· Buka Sen pukul 09.00","·","0818-582-715","","","Rute","","","",""
"https://www.google.com/maps/place/Insighta+PsikoDigital+Pengembangan+Psikologi+dan+Hipnoterapi/data=!4m7!3m6!1s0x2e69fd00680539b5:0x6183628a4f2cfc34!8m2!3d-6.2304081!4d106.6178218!16s%2Fg%2F11n4_v__n9!19sChIJtTkFaAD9aS4RNPwsT4pig2E?authuser=0&hl=id&rclk=1","Insighta PsikoDigital Pengembangan Psikologi dan Hipnoterapi","5,0","(4)","Psikolog","·","Jl. Zaitun I No.4A No.4B Blok B","Tutup","· Buka Sen pukul 08.00","·","0877-8660-5100","","","Rute","","","https://ssl.gstatic.com/local/servicebusiness/default_user.png","""Datang ke sini terasa seperti menemukan ruang aman untuk bertumbuh."""
"https://www.google.com/maps/place/NIDO+-+Development+Center+%26+Psychology+Services+%28Griya+Loka%29/data=!4m7!3m6!1s0x2e69fb40ca77f565:0x45c378cf26205d0d!8m2!3d-6.2998567!4d106.6798797!16s%2Fg%2F11fkvq6rl3!19sChIJZfV3ykD7aS4RDV0gJs94w0U?authuser=0&hl=id&rclk=1","NIDO - Development Center & Psychology Services (Griya Loka)","4,4","(21)","Psikolog","·","Jalan Suplir Blok F1 No.20, RT04, RW.02","Tutup","· Buka Sen pukul 09.00","·","0821-1877-301","https://www.nidopsikologi.com/","","Situs Web","","Rute","https://ssl.gstatic.com/local/servicebusiness/default_user.png","""Layanan"
"https://www.google.com/maps/place/AMG+CLINIC+-+Klinik+Tumbuh+Kembang+Anak+%26+Klinik+Psikologi/data=!4m7!3m6!1s0x2e69f3008bbf20db:0x122afaa3fd37967d!8m2!3d-6.2544662!4d106.8661273!16s%2Fg%2F12mm854jj!19sChIJ2yC_iwDzaS4RfZY3_aP6KhI?authuser=0&hl=id&rclk=1","AMG CLINIC - Klinik Tumbuh Kembang Anak & Klinik Psikologi","4,9","(256)","Psikolog","·","Jl. Mesjid Bend. II No.54, RT.2/RW.7","Buka","· Tutup pukul 17.00","·","0851-0140-3939","http://amgclinic.co.id/","","Situs Web","","Rute","https://ssl.gstatic.com/local/servicebusiness/default_user.png","""Pelayanannya bagus, hasil cepat,"
"https://www.google.com/maps/place/Sejiwa+Psikologi/data=!4m7!3m6!1s0x2e69fd1b1f8934bf:0x878b4a039b885a32!8m2!3d-6.227536!4d106.6182474!16s%2Fg%2F11qnm72qml!19sChIJvzSJHxv9aS4RMlqImwNKi4c?authuser=0&hl=id&rclk=1","Sejiwa Psikologi","","","Psikolog","·","Jl. Qadr Raya No.6","","","","0857-7786-5004","","","Rute","","","",""
"https://www.google.com/maps/place/Poli+Psikiatri+-+Klinik+Protera/data=!4m7!3m6!1s0x2e69f5265f738c8b:0x84c3e4fc61f5fa2f!8m2!3d-6.170408!4d106.897572!16s%2Fg%2F11bw51v3c3!19sChIJi4xzXyb1aS4RL_r1Yfzkw4Q?authuser=0&hl=id&rclk=1","Poli Psikiatri - Klinik Protera","3,5","(4)","Klinik Medis","·","Ruko Kirana No.5 Blok F No. 1 & 2, RT.5/RW.1","Buka","· Tutup pukul 21.00","·","(021) 2936537","","","Rute","","","https://ssl.gstatic.com/local/servicebusiness/default_user.png","""Ada kah nomer wa yang bisa di hubungi"""
"https://www.google.com/maps/place/Yayasan+Praktek+Psikolog+Indonesia+Cabang+Rawamangun/data=!4m7!3m6!1s0x2e69f520cea88273:0xd38abffc9fcd22d0!8m2!3d-6.1938756!4d106.8944539!16s%2Fg%2F11qn5_92g0!19sChIJc4KoziD1aS4R0CLNn_y_itM?authuser=0&hl=id&rclk=1","Yayasan Praktek Psikolog Indonesia Cabang Rawamangun","4,8","(22)","Psikolog","·","Gedung East Square Business Centre, Antara Bank Mandiri dan Ace Hardware/az.ko, Jl. Pemuda No.65 Lt.1, RT.1/RW.8","Tutup","· Buka Sen pukul 08.00","·","0812-1345-8601","http://www.praktekpsikolog.com/","","Situs Web","","Rute","https://ssl.gstatic.com/local/servicebusiness/default_user.png","""Saya konsul dengan ibu Erry sangat bagus, dan juga professional."""
"https://www.google.com/maps/place/Yayasan+Praktek+Psikolog+Indonesia+Cabang+Cawang/data=!4m7!3m6!1s0x2e69f3790049094b:0x915fc6cb8e023f87!8m2!3d-6.2437895!4d106.8691767!16s%2Fg%2F11s5p_d2sg!19sChIJSwlJAHnzaS4Rhz8CjsvGX5E?authuser=0&hl=id&rclk=1","Yayasan Praktek Psikolog Indonesia Cabang Cawang","5,0","(8)","Psikolog","·","Gedung MHT Square Ground Floor (GF) A4 A, Infiniti Office, Jl. Letjen M.T. Haryono No.Kav. 10, RT.6/RW.12","Tutup","· Buka Sen pukul 08.00","·","0812-1345-8601","http://www.praktekpsikolog.com/","","Situs Web","","Rute","https://ssl.gstatic.com/local/servicebusiness/default_user.png","""Psikolognya berpengalaman, bikin janji mudah"""
"https://www.google.com/maps/place/Psikolog+Klinis+Kota+Tangerang/data=!4m7!3m6!1s0x2e69f98cabf7423b:0xff2b9cb6dec3be7f!8m2!3d-6.1827544!4d106.6972384!16s%2Fg%2F11shv35m1t!19sChIJO0L3q4z5aS4Rf77D3racK_8?authuser=0&hl=id&rclk=1","Psikolog Klinis Kota Tangerang","","","Psikolog","·","Sebelah Seblak Pedas Mama Icha, Jl. Thamrin Jl. H. Rain I No.96, RT.004/RW.005","Tutup","· Buka Sen pukul 09.00","·","0821-1154-7973","https://psikologbahiyah.carrd.co/","","Situs Web","","Rute","","Layanan di tempat"
"https://www.google.com/maps/place/Ruqyah+Syar%27iyyah+Bekam+Konseling+Quran+Serang+Pandeglang+Cilegon+Banten+Terdekat+Profesional+Panggilan/data=!4m7!3m6!1s0x2e418b19671a2df1:0x48ef3f35b696726b!8m2!3d-6.1498031!4d106.1467535!16s%2Fg%2F11j4sbt3x3!19sChIJ8S0aZxmLQS4Ra3KWtjU_70g?authuser=0&hl=id&rclk=1","Ruqyah Syar'iyyah Bekam Konseling Quran Serang Pandeglang Cilegon Banten Terdekat Profesional Panggilan","4,9","(49)","Konselor Keluarga","·","Perum The Oasis Hills, Jalan Utama No.03","Buka","· Tutup pukul 23.00","·","0812-8054-5401","","","Rute","","","https://ssl.gstatic.com/local/servicebusiness/default_user.png","""Bekam dan ruqyah khusus panggilan ke rumah rumah kantor ."""
"https://www.google.com/maps/place/Poliklinik+Psikiatri+dan+Psikosomatis/data=!4m7!3m6!1s0x2e69eea616179ccb:0xd84ee23ceb587826!8m2!3d-6.370215!4d106.813364!16s%2Fg%2F11bw4dh1yx!19sChIJy5wXFqbuaS4RJnhY6zziTtg?authuser=0&hl=id&rclk=1","Poliklinik Psikiatri dan Psikosomatis","4,4","(5)","Rumah Sakit","·","Jl. K.H.M. Usman No.168","Buka","· Tutup pukul 23.59","","","","","Rute","","","https://ssl.gstatic.com/local/servicebusiness/default_user.png","""Apakah ada kontak yang bisa di hubungi untuk appointment?tks"""
"https://www.google.com/maps/place/Praktik+Mandiri+Psikolog+%22growasa%22/data=!4m7!3m6!1s0x2e4207003c77b861:0x6fa034401ef46945!8m2!3d-6.2607257!4d106.4686966!16s%2Fg%2F11y_p71pdd!19sChIJYbh3PAAHQi4RRWn0HkA0oG8?authuser=0&hl=id&rclk=1","Praktik Mandiri Psikolog ""growasa""","","","Psikolog","·","Perum sudirman Indah Blok E4/34 Rt.007/006","","","","","","","Rute","","","",""
"https://www.google.com/maps/place/Praktek+Psikologi,+Hipnoterapi,+dan+Kesehatan+Holistik+Samasta/data=!4m7!3m6!1s0x2e69f91a86992daf:0xb3f5b3754059c697!8m2!3d-6.2194263!4d106.6237723!16s%2Fg%2F11v651th2b!19sChIJry2Zhhr5aS4Rl8ZZQHWz9bM?authuser=0&hl=id&rclk=1","Praktek Psikologi, Hipnoterapi, dan Kesehatan Holistik Samasta","","","Psikolog","·","Cendana Gard'n, Lippo Village, Cluster Taman Britania Jl. Sumatera No.5","Tutup","· Buka Sen pukul 09.00","·","0851-0543-0330","","","Rute","","","",""
"https://www.google.com/maps/place/Clarity+Psychology+Center/data=!4m7!3m6!1s0x8a3517915b3778ad:0xd28c68d28d84b92f!8m2!3d-6.1926393!4d106.7400838!16s%2Fg%2F11tf3mct15!19sChIJrXg3W5EXNYoRL7mEjdJojNI?authuser=0&hl=id&rclk=1","Clarity Psychology Center","5,0","(34)","Psikolog","·","TwoSpaces Meruya - Coworking Space, Komplex Perkantoran Taman Meruya, Jl. Batu Mulia No.73, RT.6/RW.7","Tutup","· Buka Sen pukul 10.00","·","0858-4235-6658","","","Rute","","","https://ssl.gstatic.com/local/servicebusiness/default_user.png","""Pelayanan memuaskan, super recommended!"""
"https://www.google.com/maps/place/Praktik+Mandiri+Fenny+Junita,+M.Psi,+Psikolog/data=!4m7!3m6!1s0x2e69f5bf59c338fb:0xc156a8df76d3f3d9!8m2!3d-6.1812948!4d106.8542696!16s%2Fg%2F11h1hsqxk3!19sChIJ-zjDWb_1aS4R2fPTdt-oVsE?authuser=0&hl=id&rclk=1","Praktik Mandiri Fenny Junita, M.Psi, Psikolog","5,0","(2)","Psikolog","·","Jl. Kramat Jaya Baru No.8 8, RT.8/RW.2","Tutup","· Buka Kam pukul 10.00","","","http://wa.me/6287886684920","","Situs Web","","Rute","",""
"https://www.google.com/maps/place/Biro+Psikologi+Attentive/data=!4m7!3m6!1s0x2e69ed84495b183d:0x1c092899cf4f742a!8m2!3d-6.3055299!4d106.8467573!16s%2Fg%2F11s7jcl5zp!19sChIJPRhbSYTtaS4RKnRPz5koCRw?authuser=0&hl=id&rclk=1","Biro Psikologi Attentive","5,0","(53)","Psikolog","·","Jl. Teratai IV No.4, RT.3/RW.2","Buka","· Tutup pukul 13.00","·","0851-5641-0912","https://attentiveid.com/","","Situs Web","","Rute","https://ssl.gstatic.com/local/servicebusiness/default_user.png","""Psikolognya nggak cuma profesional tapi juga ramah dan helpful."""
"https://www.google.com/maps/place/Ricky+Valentino+Santoso,+M.Psi.,+Psikolog+%28Psikolog+Klinis%29/data=!4m7!3m6!1s0x2e69fb451f6f84a9:0xea6780fce9fdbfb!8m2!3d-6.2398999!4d106.6512272!16s%2Fg%2F11zkhflc9x!19sChIJqYRvH0X7aS4R-9ufzg94pg4?authuser=0&hl=id&rclk=1","Ricky Valentino Santoso, M.Psi., Psikolog (Psikolog Klinis)","","","Klinik Kesehatan Mental","·","ruko RC-35 No.Pasar 8","Tutup","· Buka Sen pukul 10.00","·","0856-9194-7106","","","Rute","","","","Layanan di tempat"
"https://www.google.com/maps/place/Psychology/data=!4m7!3m6!1s0x2e69ef786bf699db:0xfc760b538352b47f!8m2!3d-6.3440301!4d106.7337252!16s%2Fg%2F1pzwxq7_h!19sChIJ25n2a3jvaS4Rf7RSg1MLdvw?authuser=0&hl=id&rclk=1","Psychology","","","Psikolog","·","Jl. Siliwangi No.2","Buka","· Tutup pukul 15.00","·","(021) 7418523","","","Rute","","","",""