"Alamat","Nama Tempat","Rating","Review","Items","W4Efsd 2","W4Efsd 3","W4Efsd 4","W4Efsd 5","UsdlK","lcr4fd href","Cw1rxd","R8c4Qb","Cw1rxd 2","R8c4Qb 2","Jn12ke src","ah5Ghc","W4Efsd 6"
"https://www.google.com/maps/place/Psikiater+Klinik+Utama+Bina+Atma+Medan/data=!4m7!3m6!1s0x303131baec10cb6f:0x340f670e15bba228!8m2!3d3.593746!4d98.6972527!16s%2Fg%2F1hc18ynx5!19sChIJb8sQ7LoxMTARKKK7FQ5nDzQ?authuser=0&hl=id&rclk=1","Psikiater Klinik Utama Bina Atma Medan","4,8","(108)","Klinik Kesehatan Mental","·","Jl. HOS Cokroaminoto No.122","Buka 24 jam","·","(061) 4520757","http://bit.ly/3F8yRpw","","Situs Web","","Rute","https://ssl.gstatic.com/local/servicebusiness/default_user.png","""pelayanan bersih dan ramah,dokter ramah dan baik hati,nyaman dan bersih""",""
"https://www.google.com/maps/place/Biro+Konsultasi+Psikologi+Riski+Ananda/data=!4m7!3m6!1s0x30312f2b5a332f45:0x85f08da53d34718!8m2!3d3.5962264!4d98.633682!16s%2Fg%2F11fmnnf2pd!19sChIJRS8zWisvMTARGEfTU9oIXwg?authuser=0&hl=id&rclk=1","Biro Konsultasi Psikologi Riski Ananda","5,0","(328)","Psikolog","·","Komplek Taman Impian Indah, Jl. Banteng No.9","Buka","·","0813-6103-4299","https://bolumenara.co.id/artikel/detail/16-psikolog-terbaik-di-medan-dengan-biaya-murah-berkualitas","","Situs Web","","Rute","https://ssl.gstatic.com/local/servicebusiness/default_user.png","""Pelayanan bagus dan konseling menyenangkan""","· Tutup pukul 17.00"
"https://www.google.com/maps/place/Praktek+Psikolog+Armita+%28Mind+Psikologi+Indonesia+Consultant%29/data=!4m7!3m6!1s0x3031298e9c027fe7:0xec825c4e77693eb!8m2!3d3.6123669!4d98.5103685!16s%2Fg%2F11sk51d8wg!19sChIJ538CnI4pMTAR65N258QlyA4?authuser=0&hl=id&rclk=1","Praktek Psikolog Armita (Mind Psikologi Indonesia Consultant)","5,0","(13)","Psikolog","·","Jl. Ikan Kakap No.35","Buka","· Tutup pukul 17.00","0813-2299-7901","","","Rute","","","https://ssl.gstatic.com/local/servicebusiness/default_user.png","""Pelayanannya bagus ramah sekali, tempatnya juga nyaman""","·"
"https://www.google.com/maps/place/Praktek+Psikiater+dr.Nurul+Utami,+M.Kes.,+M.Ked.KJ.,+SpKJ/data=!4m7!3m6!1s0x30312f184da607a3:0x326e59f1a1855e7e!8m2!3d3.6047564!4d98.6394088!16s%2Fg%2F11rkn06shk!19sChIJowemTRgvMTARfl6FofFZbjI?authuser=0&hl=id&rclk=1","Praktek Psikiater dr.Nurul Utami, M.Kes., M.Ked.KJ., SpKJ","4,8","(67)","Dokter","·","Jl. Gaperta No.175/28","Tutup","· Buka Sen pukul 17.00","0819-1617-0222","","","Rute","","","https://ssl.gstatic.com/local/servicebusiness/default_user.png","""","·"
"https://www.google.com/maps/place/Praktek+Psikologi+Mandiri+Suriany+Sahfitri,+M.Psi.,Psikolog/data=!4m7!3m6!1s0x303125007941e157:0xa0384ecdc234560b!8m2!3d3.5229!4d98.5827922!16s%2Fg%2F11ysv_q3kq!19sChIJV-FBeQAlMTARC1Y0ws1OOKA?authuser=0&hl=id&rclk=1","Praktek Psikologi Mandiri Suriany Sahfitri, M.Psi.,Psikolog","5,0","(32)","Psikolog","·","Jl. Duren","Tutup","· Buka Sen pukul 08.00","0812-6483-086","","","Rute","","","https://ssl.gstatic.com/local/servicebusiness/default_user.png","""pelayanan sangat ramah sekalii
hasil nya juga sangat bagus dan cepatt🥰""","·"
"https://www.google.com/maps/place/Praktik+Psikolog+Dinda+Permatasari+Harahap,+M.Psi.,Psikolog/data=!4m7!3m6!1s0x30313131cc7e8257:0x2948a48a51c3d80d!8m2!3d3.6162594!4d98.7247748!16s%2Fg%2F11wq0lvk0z!19sChIJV4J-zDExMTARDdjDUYqkSCk?authuser=0&hl=id&rclk=1","Praktik Psikolog Dinda Permatasari Harahap, M.Psi.,Psikolog","5,0","(18)","Psikolog","·","Komplek Citra Graha 2, Jl. Darmais II No.1 Blok A","Buka","· Tutup pukul 18.00","0823-8688-6793","","","Rute","","","https://ssl.gstatic.com/local/servicebusiness/default_user.png","""Pelayanan terbaik Dan","·"
"https://www.google.com/maps/place/Praktik+Psikolog+Klinis+Cut+Rafyqa+Fadhilah,+M.Psi.,+Psikolog/data=!4m7!3m6!1s0x30312f2b8586c67b:0xaa3a17d07d3e409f!8m2!3d3.574776!4d98.6163658!16s%2Fg%2F11s7hm8bt5!19sChIJe8aGhSsvMTARn0A-fdAXOqo?authuser=0&hl=id&rclk=1","Praktik Psikolog Klinis Cut Rafyqa Fadhilah, M.Psi., Psikolog","4,8","(26)","Psikolog","·","Jl. Sunggal Jl. Komp. Bumi Sunggal Permai No.18 Blok B1","Tutup","·","0852-2147-3777","http://www.instagram.com/praktikpsikologklinismedan/","","Situs Web","","Rute","https://ssl.gstatic.com/local/servicebusiness/default_user.png","""Konsultasi nyaman dengan rekomendasi yg profesional.""","· Buka Sen pukul 09.00"
"https://www.google.com/maps/place/Yayasan+Praktek+Psikolog+Indonesia+Cabang+Medan/data=!4m7!3m6!1s0x3031312f836ee307:0x2a14222a8523abc7!8m2!3d3.587685!4d98.6611627!16s%2Fg%2F11jsq8djx5!19sChIJB-Nugy8xMTARx6sjhSoiFCo?authuser=0&hl=id&rclk=1","Yayasan Praktek Psikolog Indonesia Cabang Medan","5,0","(5)","Psikolog","·","Cradle Office, YPPI Cabang Medan, Jl. Iskandar Muda No.127","Tutup","·","0878-8718-4585","http://www.praktekpsikolog.com/","","Situs Web","","Rute","https://ssl.gstatic.com/local/servicebusiness/default_user.png","""Saya ada yayasan auliya hatimu ardhi khusus untuk ODGJ dan abk""","· Buka Sen pukul 08.00"
"https://www.google.com/maps/place/Dr.+AMIR,+SpKJ+%28+Spesialis+Kedokteran+Jiwa+%29/data=!4m7!3m6!1s0x3031304610cf1f5b:0x73afe69fddc40cf7!8m2!3d3.5696179!4d98.6864349!16s%2Fg%2F11g8v1mlkp!19sChIJWx_PEEYwMTAR9wzE3Z_mr3M?authuser=0&hl=id&rclk=1","Dr. AMIR, SpKJ ( Spesialis Kedokteran Jiwa )","4,5","(15)","Psikiater anak","·","Jl. Brigjend Katamso No.228-B","","","(061) 88813408","","","Rute","","","","",""
"https://www.google.com/maps/place/Praktek+dr.+Dapot+Parulian+Gultom,+Sp.KJ,+M.Kes/data=!4m7!3m6!1s0x303131f68d0e3937:0x79ba2a97a19be574!8m2!3d3.5645908!4d98.7032644!16s%2Fg%2F11m_pz_tyh!19sChIJNzkOjfYxMTARdOWboZcqunk?authuser=0&hl=id&rclk=1","Praktek dr. Dapot Parulian Gultom, Sp.KJ, M.Kes","4,7","(14)","Psikiater","·","Jl. Pelajar No.106","Tutup","· Buka Sen pukul 16.00","0821-6868-0616","","","Rute","","","https://ssl.gstatic.com/local/servicebusiness/default_user.png","""Dokternya ramah dan melayani pasien dengan sangat sabar dan baikk.""","·"
"https://www.google.com/maps/place/Dr.+Wijaya+Taufik+Tiji/data=!4m7!3m6!1s0x3031310901089993:0x6d0cbf208e4bcc56!8m2!3d3.592654!4d98.7090339!16s%2Fg%2F11gddh5jd4!19sChIJk5kIAQkxMTARVsxLjiC_DG0?authuser=0&hl=id&rclk=1","Dr. Wijaya Taufik Tiji","4,7","(98)","Psikiater","·","Jl. Pukat V No.44","Tutup","· Buka Sen pukul 15.30","0812-6075-584","","","Rute","","","https://ssl.gstatic.com/local/servicebusiness/default_user.png","""Best service… dok nya baik banget""","·"
"https://www.google.com/maps/place/Risnawati+consulting+psikologi+%28gedung+klinik+kimia+farma%29/data=!4m7!3m6!1s0x30313105dae79545:0xd11be87f4994e5bb!8m2!3d3.5844962!4d98.6796987!16s%2Fg%2F11j8rj_p7q!19sChIJRZXn2gUxMTARu-WUSX_oG9E?authuser=0&hl=id&rclk=1","Risnawati consulting psikologi (gedung klinik kimia farma)","5,0","(2)","Psikolog","·","Jl. Palang Merah No.34c","Tutup","· Buka Sen pukul 14.00","0822-6714-3238","","","Rute","","","https://ssl.gstatic.com/local/servicebusiness/default_user.png","""Semenenangkan itu sharing degan Bu Risma.""","·"
"https://www.google.com/maps/place/Praktek+Psikolog+Halimatus+Sakdiyah+Lubis,+S.Psi,+M.Psi,+Psikolog+Kota+Tebing+Tinggi/data=!4m7!3m6!1s0x30316165840a94cb:0xcd987ee651130197!8m2!3d3.3005267!4d99.1232736!16s%2Fg%2F11qg6pdf6l!19sChIJy5QKhGVhMTARlwETUeZ-mM0?authuser=0&hl=id&rclk=1","Praktek Psikolog Halimatus Sakdiyah Lubis, S.Psi, M.Psi, Psikolog Kota Tebing Tinggi","5,0","(33)","Psikolog","·","Perumahan Bayu Permai No. 1 Jalan Jend. Gatot Subroto Lk. II","Tutup","· Buka Sen pukul 15.00","0811-1155-055","","","Rute","","","https://ssl.gstatic.com/local/servicebusiness/default_user.png","""","·"
"https://www.google.com/maps/place/STIFIn+Brain+Medan+Tembung/data=!4m7!3m6!1s0x303131ac633926a5:0xbcc16a87fc665e22!8m2!3d3.5854557!4d98.7386469!16s%2Fg%2F11h1177_ff!19sChIJpSY5Y6wxMTARIl5m_Idqwbw?authuser=0&hl=id&rclk=1","STIFIn Brain Medan Tembung","5,0","(3)","Psikolog","·","Jl. Ps. V No.81","Buka","·","0811-6488-899","https://stifinbrain.com/","","Situs Web","","Rute","","","· Tutup pukul 17.00"
"https://www.google.com/maps/place/Praktik+Psikolog+Namira,+M.Psi.,+Psikolog/data=!4m7!3m6!1s0x30372b3d55f240e3:0x3c5ededa26e79094!8m2!3d3.7594717!4d98.4515848!16s%2Fg%2F11zfsq0jpf!19sChIJ40DyVT0rNzARlJDnJtreXjw?authuser=0&hl=id&rclk=1","Praktik Psikolog Namira, M.Psi., Psikolog","5,0","(10)","Psikolog","·","Jl. KH. Zainul Arifin No.78","Tutup","· Buka Sen pukul 09.00","0851-2158-6231","","","Rute","","","https://ssl.gstatic.com/local/servicebusiness/default_user.png","""Lihat wajah dokternya aja sdh senang hati..pokoknya dokternya bagus.""","·"
"https://www.google.com/maps/place/Praktek+Psikolog+Klinis+Dr.+Emilya+Ginting,+M.Psi.,+CPH.t,+Psikolog./data=!4m7!3m6!1s0x303131cbc21e8531:0xb54b183691b18c26!8m2!3d3.5856115!4d98.6769029!16s%2Fg%2F11z9jd9w28!19sChIJMYUewssxMTARJoyxkTYYS7U?authuser=0&hl=id&rclk=1","Praktek Psikolog Klinis Dr. Emilya Ginting, M.Psi., CPH.t, Psikolog.","5,0","(7)","Psikolog","·","Komplek Zilenia Residence, Jl. Listrik No.1, Jl Abadi No.A1","Buka","·","0815-3026-653","https://www.alodokter.com/cari-dokter/emilya-ginting-spsi-mpsi-psikolog","","Situs Web","","Rute","https://ssl.gstatic.com/local/servicebusiness/default_user.png","""Pelayanan nya sangat bagus sekali ,ibu dokter nya sangat perhatian""","· Tutup pukul 17.30"
"https://www.google.com/maps/place/Psikolog+Elviati+Achmad/data=!4m7!3m6!1s0x30312e4663e81d1b:0xc30d6d5db01a4565!8m2!3d3.593138!4d98.6335098!16s%2Fg%2F11bztd__tz!19sChIJGx3oY0YuMTARZUUasF1tDcM?authuser=0&hl=id&rclk=1","Psikolog Elviati Achmad","4,5","(4)","Psikolog","·","Jalan Banteng No. 11 CDE, Sei Sikambing C. II, Medan Helvetia","Tutup","· Buka Sen pukul 09.00","(061) 8452762","","","Rute","","","","","·"
"https://www.google.com/maps/place/Lentera+Jiwa+by+Tata+Nasmit,+M.Psi.,+C.Ht/data=!4m7!3m6!1s0x30312fb1a40059ef:0x3e495a5b4344461b!8m2!3d3.5842901!4d98.6673307!16s%2Fg%2F11k9dbrfrx!19sChIJ71kApLEvMTARG0ZEQ1taST4?authuser=0&hl=id&rclk=1","Lentera Jiwa by Tata Nasmit, M.Psi., C.Ht","4,9","(72)","Psikolog","·","Sebelah Kie Kie Salon, City Square, Workbase Coworking Space at Cambridge, Lantai 1","Tutup","· Buka Sen pukul 09.00","0821-6094-0717","","","Rute","","","https://ssl.gstatic.com/local/servicebusiness/default_user.png","""Rasanya ingin skali berlama-lama berbincang dengan Dokter 🙏🏻🤗.""","·"
"https://www.google.com/maps/place/Pusat+Layanan+Praktik+Psikologi/data=!4m7!3m6!1s0x30313aaf65e1f467:0x8952fdba211d3970!8m2!3d3.5338745!4d98.6704382!16s%2Fg%2F11h4n1d7j1!19sChIJZ_ThZa86MTARcDkdIbr9Uok?authuser=0&hl=id&rclk=1","Pusat Layanan Praktik Psikologi","5,0","(1)","Klinik Medis","·","Jl. Karya Bakti No.81A","","","","","","Rute","","","","",""
"https://www.google.com/maps/place/Psikolog+Klinis+Dhebby/data=!4m7!3m6!1s0x3031317b94f23e25:0xa2ce53910c86effc!8m2!3d3.5981217!4d98.7259031!16s%2Fg%2F11rw_bksgn!19sChIJJT7ylHsxMTAR_O-GDJFTzqI?authuser=0&hl=id&rclk=1","Psikolog Klinis Dhebby","3,7","(6)","Psikolog","·","Gg. Makmur No.2","Tutup","·","0816-341-212","https://forms.gle/rBsC3dXfjEoLF5w39","","Situs Web","","Rute","","","· Buka Sen pukul 17.00"
"https://www.google.com/maps/place/Praktik+Psikolog+Claudia+Purnama+Dewi+Situmeang,+M.Psi,+Psikolog/data=!4m7!3m6!1s0x303131fbb84c1c81:0xb69004919225c1d2!8m2!3d3.543036!4d98.7095608!16s%2Fg%2F11lylc6wsr!19sChIJgRxMuPsxMTAR0sElkpEEkLY?authuser=0&hl=id&rclk=1","Praktik Psikolog Claudia Purnama Dewi Situmeang, M.Psi, Psikolog","5,0","(22)","Psikolog","·","Flash Futsal, Jl. Garu III KOMP TAMAN HARJOSARI INDAH No.120","Tutup","· Buka Jum pukul 09.00","0895-6152-83475","","","Rute","","","https://ssl.gstatic.com/local/servicebusiness/default_user.png","""Pelayanan nyaa baik, Ramah, &Lembut, selamat bertemu di sesi kedua""","·"
"https://www.google.com/maps/place/Praktek+dr.+Catherine,+Sp.+KJ+%28Psikiater%29/data=!4m7!3m6!1s0x303131004345207b:0xfc542a1fbc6a84b6!8m2!3d3.5868445!4d98.661168!16s%2Fg%2F11h9xm3l00!19sChIJeyBFQwAxMTARtoRqvB8qVPw?authuser=0&hl=id&rclk=1","Praktek dr. Catherine, Sp. KJ (Psikiater)","4,7","(3)","Dokter","·","Jl. Iskandar Muda","Tutup","· Buka Sen pukul 16.00","0811-6023-606","","","Rute","","","","","·"
"https://www.google.com/maps/place/Discoverme+Career+Development+%7C+Biro+Konsultasi+Psikologi/data=!4m7!3m6!1s0x30312fb9168ccf3f:0xa365526d3b675f88!8m2!3d3.5860213!4d98.6700157!16s%2Fg%2F11g86nrcwc!19sChIJP8-MFrkvMTARiF9nO21SZaM?authuser=0&hl=id&rclk=1","Discoverme Career Development | Biro Konsultasi Psikologi","4,9","(162)","Psikolog","·","Gedung Prudential, Jl. Taruma No.17-A-B Lantai 3","Tutup","·","0851-1727-8881","http://www.discoverme.co.id/","","Situs Web","","Rute","https://ssl.gstatic.com/local/servicebusiness/default_user.png","""baguss sekaliii, sangat tenang dengerin","· Buka Sen pukul 10.00"
"https://www.google.com/maps/place/Biro+Psikologi+Psikoprima/data=!4m7!3m6!1s0x30313b9d4f4cf82b:0xd6a2aa564b33e76f!8m2!3d3.5080391!4d98.6896414!16s%2Fg%2F11lp5xy5f7!19sChIJK_hMT507MTARb-czS1aqotY?authuser=0&hl=id&rclk=1","Biro Psikologi Psikoprima","5,0","(4)","Psikolog","·","Gg. Melati VI No.2","Buka","· Tutup pukul 16.00","0831-9842-1000","","","Rute","","","https://ssl.gstatic.com/local/servicebusiness/default_user.png","""ibunya sangat ramah, baik, nyaman banget konseling disini""","·"
"https://www.google.com/maps/place/Biro+Konsultasi+Psikologi/data=!4m7!3m6!1s0x3031316d2f6eba61:0xa4504f13692e3480!8m2!3d3.6007489!4d98.7177207!16s%2Fg%2F11b8yz0_zl!19sChIJYbpuL20xMTARgDQuaRNPUKQ?authuser=0&hl=id&rclk=1","Biro Konsultasi Psikologi","5,0","(2)","Psikolog","·","Jl. Kolam No.1","Tutup","·","(061) 7366878","https://psikologi.uma.ac.id/","","Situs Web","","Rute","","","· Buka Sen pukul 09.00"
"https://www.google.com/maps/place/Praktek+Psikolog/data=!4m7!3m6!1s0x30324fe7c0eeced1:0xa035ddf007000cc1!8m2!3d2.9744263!4d99.6441684!16s%2Fg%2F11t7_3krcy!19sChIJ0c7uwOdPMjARwQwAB_DdNaA?authuser=0&hl=id&rclk=1","Praktek Psikolog","5,0","(5)","Psikolog","","·","Tutup","· Buka Sen pukul 08.00","0813-7535-1695","","","Rute","","","","",""
"https://www.google.com/maps/place/LEMBAGA+PSIKOLOGI+KOGNISIA/data=!4m7!3m6!1s0x30312f1070396c7b:0x36168c15a31750cd!8m2!3d3.5856893!4d98.6331829!16s%2Fg%2F11nh8vjjxw!19sChIJe2w5cBAvMTARzVAXoxWMFjY?authuser=0&hl=id&rclk=1","LEMBAGA PSIKOLOGI KOGNISIA","5,0","(25)","Psikolog","·","Jl. Rajawali No.30","Tutup","· Buka Sen pukul 09.00","0838-0025-5833","","","Rute","","","https://ssl.gstatic.com/local/servicebusiness/default_user.png","""minum teh manis di pagi hari,
pelayanannya mantap bikin hati terobati👍🏻""","·"
"https://www.google.com/maps/place/STIFIn+Brain+Marelan/data=!4m7!3m6!1s0x30312d199f503077:0x14964c35eb22f1db!8m2!3d3.6990519!4d98.6565803!16s%2Fg%2F11vc7vn8h4!19sChIJdzBQnxktMTAR2_Ei6zVMlhQ?authuser=0&hl=id&rclk=1","STIFIn Brain Marelan","5,0","(3)","Psikolog","·","Depan Fritto Chiken, Gg. Mushollah Jl. Marelan Raya Ps. II","Buka","·","0812-5530-093","http://www.stifinbrain.com/","","Situs Web","","Rute","https://ssl.gstatic.com/local/servicebusiness/default_user.png","""Awalnya saya gak tau bakat minat saya itu apa dan gimana.""","· Tutup pukul 00.00"
"https://www.google.com/maps/place/Psikiater+Setiabudi/data=!4m7!3m6!1s0x303131091288c4c3:0x4194d8d921663731!8m2!3d3.5937286!4d98.7075781!16s%2Fg%2F11f107z_pf!19sChIJw8SIEgkxMTARMTdmIdnYlEE?authuser=0&hl=id&rclk=1","Psikiater Setiabudi","5,0","(2)","Psikiater","·","Jl. Pukat IV No.53-55","Tutup","· Buka Sen pukul 00.00","0856-5362-656","","","Rute","","","","","·"
"https://www.google.com/maps/place/Biro+Psikologi+Marsha+Puntadewa/data=!4m7!3m6!1s0x303131d76b777697:0x7b46f30e01255fa6!8m2!3d3.5831415!4d98.6630869!16s%2Fg%2F1hm1_tbf2!19sChIJl3Z3a9cxMTARpl8lAQ7zRns?authuser=0&hl=id&rclk=1","Biro Psikologi Marsha Puntadewa","4,1","(24)","Psikolog","·","Jl. Sultan Hasanuddin No.18","Tutup","· Buka Sen pukul 09.00","0811-6403-037","","","Rute","","","https://ssl.gstatic.com/local/servicebusiness/default_user.png","""dari hasil yang di sampaikan menurut saya sangat menggambarkan diri saya.""","·"
"https://www.google.com/maps/place/Praktik+Dr.+Juskitar,+Sp.KJ/data=!4m7!3m6!1s0x303131b2eefe6869:0x34e91c3be508c3b0!8m2!3d3.5819742!4d98.6911381!16s%2Fg%2F11gy9xd8k0!19sChIJaWj-7rIxMTARsMMI5Tsc6TQ?authuser=0&hl=id&rclk=1","Praktik Dr. Juskitar, Sp.KJ","4,1","(9)","Klinik Kesehatan Mental","·","Jl. Tilak No.kelurahan no. 104","Tutup","· Buka Sen pukul 10.00","0812-6012-850","","","Rute","","","https://ssl.gstatic.com/local/servicebusiness/default_user.png","""udah 2 bulan disini , sabar bgt dokternya""","·"
"https://www.google.com/maps/place/Psikolab+Taput%28+Tes+Psikologi+%29/data=!4m7!3m6!1s0x302e6f006c6d9b0d:0x3af21f6930b99e3e!8m2!3d2.0224891!4d98.9614249!16s%2Fg%2F11yy0cx10z!19sChIJDZttbABvLjARPp65MGkf8jo?authuser=0&hl=id&rclk=1","Psikolab Taput( Tes Psikologi )","5,0","(2)","Psikolog","·","Tes Psikologi","Tutup","· Buka Sen pukul 08.00","0878-9361-9462","","","Rute","","","","","·"
"https://www.google.com/maps/place/Praktek+Spesialis+Jiwa+Konsultasi+Narkoba+%26+Masalah+Kejiwaan/data=!4m7!3m6!1s0x30312fc0f020c6fb:0x34b818b724d16d25!8m2!3d3.5638811!4d98.6400126!16s%2Fg%2F1pzpt2_6s!19sChIJ-8Yg8MAvMTARJW3RJLcYuDQ?authuser=0&hl=id&rclk=1","Praktek Spesialis Jiwa Konsultasi Narkoba & Masalah Kejiwaan","4,0","(1)","Klinik Tanpa Perjanjian","·","No. 6 C, Jl. Setia Budi Komplek Setia Budi Centre","","","(061) 8226358","","","Rute","","","","",""
"https://www.google.com/maps/place/Praktek+Psikolog+Indonesia+Balikpapan/data=!4m7!3m6!1s0x2df1475efe21777b:0xa0f290c1a3242949!8m2!3d-1.276864!4d116.841226!16s%2Fg%2F11tcx89krz!19sChIJe3ch_l5H8S0RSSkko8GQ8qA?authuser=0&hl=id&rclk=1","Praktek Psikolog Indonesia Balikpapan","5,0","(6)","Psikolog","·","Atwork Co-Working Space, Jl. Jenderal Sudirman No.43, RT.07","Buka","·","0812-1345-8601","https://praktekpsikolog.com/","","Situs Web","","Rute","","","· Tutup pukul 20.00"
"https://www.google.com/maps/place/Ineka+Psychology+Consulting+%28Cabang+Medan%29/data=!4m7!3m6!1s0x30312d003ca2ce1f:0x5312c73feafb4ef9!8m2!3d3.6856994!4d98.6573088!16s%2Fg%2F11msgw8fwf!19sChIJH86iPAAtMTAR-U776j_HElM?authuser=0&hl=id&rclk=1","Ineka Psychology Consulting (Cabang Medan)","5,0","(1)","Psikolog","·","Gg. Sekata No.4","","","","","","Rute","","","","",""
"https://www.google.com/maps/place/PediaClinic+-+Cemara+Asri+%28Dokter+Anak,+Dokter+Laktasi,+Psikolog+Anak+%26+MomBaby+Spa%29/data=!4m7!3m6!1s0x303133190c634019:0xe228f93ae5ba95b7!8m2!3d3.6289706!4d98.7006501!16s%2Fg%2F11s2j1drg9!19sChIJGUBjDBkzMTARt5W65Tr5KOI?authuser=0&hl=id&rclk=1","PediaClinic - Cemara Asri (Dokter Anak, Dokter Laktasi, Psikolog Anak & MomBaby Spa)","4,8","(337)","Dokter Anak","·","Jalan cemara No 109 Ruko Great Arcade Kompleks Cemara Asri Sejajar Pasar Buah Cemara Asri","Buka","·","0822-8080-6736","https://www.instagram.com/pediacliniccemaraasri/","","Situs Web","","Rute","https://ssl.gstatic.com/local/servicebusiness/default_user.png","""Dokter dan suster2 disini semuanya ramah, fast respond dan solutif.""","· Tutup pukul 13.00"
"https://www.google.com/maps/place/Minauli+Consulting/data=!4m7!3m6!1s0x30312e28219001ef:0xde68a434dd6335a7!8m2!3d3.5892247!4d98.6596992!16s%2Fg%2F11b7ld4p6b!19sChIJ7wGQISguMTARpzVj3TSkaN4?authuser=0&hl=id&rclk=1","Minauli Consulting","4,4","(31)","Konsultan","·","Jl. Jend. D.I Panjaitan No.180","Tutup","· Buka Sen pukul 09.00","0812-6338-4242","","","Rute","","","https://ssl.gstatic.com/local/servicebusiness/default_user.png","""","·"
"https://www.google.com/maps/place/Klinik+Psikologi+Cahaya+Nurani/data=!4m7!3m6!1s0x30312f00348026c7:0x51c2916ecda56c7f!8m2!3d3.5881607!4d98.6292077!16s%2Fg%2F11yyz574md!19sChIJxyaANAAvMTARf2ylzW6RwlE?authuser=0&hl=id&rclk=1","Klinik Psikologi Cahaya Nurani","","","Klinik Pengajaran Psikologi","·","HJQH+7M8, Jl. Bangau","","","","","","Rute","","","","",""
"https://www.google.com/maps/place/Hipnoterapi+Terapi+Psikologi+Mental+GANTI+TUA/data=!4m7!3m6!1s0x302c1c842be780cd:0x45c7e8cac6470897!8m2!3d1.3818814!4d99.2723184!16s%2Fg%2F11bc7pdgzw!19sChIJzYDnK4QcLDARlwhHxsrox0U?authuser=0&hl=id&rclk=1","Hipnoterapi Terapi Psikologi Mental GANTI TUA","3,7","(3)","Psikolog","·","Kode pos :22718, Jl. Sutoyo No.3","Buka 24 jam","·","0813-7063-6029","http://www.gantituahipnoterapi.com/","","Situs Web","","Rute","","",""
"https://www.google.com/maps/place/Rumah+Ungu+-+Layanan+Psikologi/data=!4m7!3m6!1s0x30313125f02e6bbb:0xbc4cd159b5a22aae!8m2!3d3.5981499!4d98.7261952!16s%2Fg%2F11nhknz7tz!19sChIJu2su8CUxMTARriqitVnRTLw?authuser=0&hl=id&rclk=1","Rumah Ungu - Layanan Psikologi","5,0","(3)","Psikolog","·","Jalani, Jl. Letda Sujono","Tutup","·","0816-341-212","https://rumahungu.asa17.com/","","Situs Web","","Rute","","","· Buka Sen pukul 08.00"
"https://www.google.com/maps/place/Rina+R+BR+Tarigan+M.Psi,+Psikolog/data=!4m7!3m6!1s0x303103084376d117:0xc7e6b792eadd491c!8m2!3d3.156065!4d98.507385!16s%2Fg%2F11h4mph7pc!19sChIJF9F2QwgDMTARHEnd6pK35sc?authuser=0&hl=id&rclk=1","Rina R BR Tarigan M.Psi, Psikolog","5,0","(1)","Dokter","·","Jl. Sidikalang - Medan No.198","Tutup","· Buka Sen pukul 09.00","0813-2234-2780","","","Rute","","","","","·"
"https://www.google.com/maps/place/Praktek+Psikolog+Kind+Consulting/data=!4m7!3m6!1s0x30312f1f688e77f5:0x3fcb91d299e81f19!8m2!3d3.5865267!4d98.6321456!16s%2Fg%2F11z9_g2fmr!19sChIJ9XeOaB8vMTARGR_omdKRyz8?authuser=0&hl=id&rclk=1","Praktek Psikolog Kind Consulting","","","Psikolog","·","Jl. Merpati No.54","Buka","· Tutup pukul 21.00","","","","Rute","","","","",""
"https://www.google.com/maps/place/Thinkplus+Psikologi+-+Kalimantan/data=!4m7!3m6!1s0x2df14794f1433129:0xa77ee0c556222a3f!8m2!3d-1.2233943!4d116.8830289!16s%2Fg%2F11g2_2k4sf!19sChIJKTFD8ZRH8S0RPyoiVsXgfqc?authuser=0&hl=id&rclk=1","Thinkplus Psikologi - Kalimantan","4,9","(284)","Psikolog","·","Jl. Sepinggan Pratama No.6 Blok D1","Buka","·","0853-4625-5395","http://thinkpluspsikologi.com/","","Situs Web","","Rute","https://ssl.gstatic.com/local/servicebusiness/default_user.png","""Pelayanan bagus, staf ramah, mudah dalam menjelaskan, tempat nyaman 👍""","· Tutup pukul 17.00"
"https://www.google.com/maps/place/Terapy+Happy+Dream/data=!4m7!3m6!1s0x303184426208814b:0xf91f0dcc7eadff18!8m2!3d3.0046851!4d99.1049724!16s%2Fg%2F11c1q9b96p!19sChIJS4EIYkKEMTARGP-tfswNH_k?authuser=0&hl=id&rclk=1","Terapy Happy Dream","5,0","(1)","Dokter","·","Jl. Anjangsana No.36b","Tutup","· Buka Sen pukul 07.00","","","","Rute","","","","",""
"https://www.google.com/maps/place/PSIKOLAB+ASIA+MEGA+MAS+%28TES+PSIKOLOGI+SIM%29/data=!4m7!3m6!1s0x3031310067d2f031:0x761c97fb5f21d01c!8m2!3d3.5862871!4d98.7025611!16s%2Fg%2F11m_71hcxm!19sChIJMfDSZwAxMTARHNAhX_uXHHY?authuser=0&hl=id&rclk=1","PSIKOLAB ASIA MEGA MAS (TES PSIKOLOGI SIM)","5,0","(1)","Psikolog","·","HPP3+G27, Jl. Komp. Asia Mega Mas","Tutup","·","0811-6161-6817","https://www.instagram.com/psikolabsumut?igsh=amRhOGY0NTJzbGNk","","Situs Web","","Rute","","","· Buka Sen pukul 08.00"
"https://www.google.com/maps/place/Competence+Psychological+Firm/data=!4m7!3m6!1s0x3031302cf4190135:0x5cc9fe9922a25d29!8m2!3d3.57827!4d98.667247!16s%2Fg%2F1hc508ynm!19sChIJNQEZ9CwwMTARKV2iIpn-yVw?authuser=0&hl=id&rclk=1","Competence Psychological Firm","5,0","(1)","Psikolog","·","Jl. S. Parman No.31","","","(061) 4523368","","","Rute","","","","",""
"https://www.google.com/maps/place/Yayasan+Psikolog+Cahaya+Bunda+Balikpapan/data=!4m7!3m6!1s0x2df146e46d1cd7a1:0xb1854140a712d81f!8m2!3d-1.277655!4d116.8349238!16s%2Fg%2F1hm69x7q0!19sChIJodccbeRG8S0RH9gSp0BBhbE?authuser=0&hl=id&rclk=1","Yayasan Psikolog Cahaya Bunda Balikpapan","4,9","(62)","Klinik Kesehatan Mental","·","Jl. Jenderal Sudirman, Ruko Bandar No.Blok B14","Tutup","·","0812-4107-2185","http://cahayabundabalikpapan.blogspot.com/","","Situs Web","","Rute","https://ssl.gstatic.com/local/servicebusiness/default_user.png","""Alhamdulillah setelah terapi disini, anak saya mengalami kemajuan.""","· Buka Sen pukul 08.00"
"https://www.google.com/maps/place/Praktik+Psikolog/data=!4m7!3m6!1s0x302da15f62f9982d:0xf12699f8fb3efbe1!8m2!3d2.0875702!4d99.8415184!16s%2Fg%2F11sk6tl77x!19sChIJLZj5Yl-hLTAR4fs--_iZJvE?authuser=0&hl=id&rclk=1","Praktik Psikolog","","","Psikolog","·","Jl. Perisai No.48B","Tutup","· Buka Sen pukul 14.00","0813-9605-7446","","","Rute","","","","","·"
"https://www.google.com/maps/place/Biro+Psikologi+Citra+Kencana+Consulting/data=!4m7!3m6!1s0x303129e5939966cd:0xa3331158405d17bf!8m2!3d3.570532!4d98.6950959!16s%2Fg%2F1pzsbxd7g!19sChIJzWaZk-UpMTARvxddQFgRM6M?authuser=0&hl=id&rclk=1","Biro Psikologi Citra Kencana Consulting","5,0","(1)","Psikolog","·","Jl. Tenis No.15","Tutup","· Buka Sen pukul 16.00","0812-6036-5659","","","Rute","","","","","·"
"https://www.google.com/maps/place/Konsultan+psikologi+medan+johor/data=!4m7!3m6!1s0x30313b3a9acabd8d:0x10046287537e43bd!8m2!3d3.5365593!4d98.6734582!16s%2Fg%2F11jj3g5p0x!19sChIJjb3Kmjo7MTARvUN-U4diBBA?authuser=0&hl=id&rclk=1","Konsultan psikologi medan johor","","","Psikolog","·","Jl. Karya Bakti No.34","Tutup","· Buka pukul 10.00","0813-6135-2201","","","Rute","","","","","·"
"https://www.google.com/maps/place/Yayasan+Betshalam/data=!4m7!3m6!1s0x30318588e8d2cf8f:0x4a19fff6933cb7a!8m2!3d2.9458002!4d99.0597228!16s%2Fg%2F11nfrb61m_!19sChIJj8_S6IiFMTAResszaf-foQQ?authuser=0&hl=id&rclk=1","Yayasan Betshalam","5,0","(4)","Psikoterapis","·","Jl. Laguboti No.56 D","Buka","·","0813-7667-5525","https://www.facebook.com/betshalam.siantar","","Situs Web","","Rute","https://ssl.gstatic.com/local/servicebusiness/default_user.png","""Betshalam yang terbaik!!""","· Tutup pukul 17.00"
"https://www.google.com/maps/place/KLINIK+PSIKOLOGI+DAN+KESEHATAN+SIM/data=!4m7!3m6!1s0x2df147002e5d036f:0xceb48fc80a62e6c5!8m2!3d-1.277409!4d116.834791!16s%2Fg%2F11z6gkgcwt!19sChIJbwNdLgBH8S0RxeZiCsiPtM4?authuser=0&hl=id&rclk=1","KLINIK PSIKOLOGI DAN KESEHATAN SIM","4,0","(1)","Klinik Medis","·","PRFM+3W6, Jl. Jenderal Sudirman, Ruko Bandar","","","","","","Rute","","","https://ssl.gstatic.com/local/servicebusiness/default_user.png","""Namun jika tidak ada bisa dibantu copy di sini.""",""
"https://www.google.com/maps/place/My+Family+Rumah+Tumbuh+Kembang+Anak/data=!4m7!3m6!1s0x302c1da082a24e85:0xe63ad4fe7c7eee2c!8m2!3d1.3992634!4d99.278181!16s%2Fg%2F11r9gg4zt8!19sChIJhU6igqAdLDARLO5-fP7UOuY?authuser=0&hl=id&rclk=1","My Family Rumah Tumbuh Kembang Anak","4,5","(6)","Psikolog","·","Jl. Raja Inal No.2","Buka","· Tutup pukul 17.00","0821-6214-8624","","","Rute","","","https://ssl.gstatic.com/local/servicebusiness/default_user.png","""Ini seperti daycare utk anak spesial?""","·"
"https://www.google.com/maps/place/PSIKOLAB+BELAWAN+%28TES+PSIKOLOGI%29/data=!4m7!3m6!1s0x3036cd000eb0b7cf:0x8cb8ff058d1451f6!8m2!3d3.7782695!4d98.7017489!16s%2Fg%2F11yhcn7m86!19sChIJz7ewDgDNNjAR9lEUjQX_uIw?authuser=0&hl=id&rclk=1","PSIKOLAB BELAWAN (TES PSIKOLOGI)","5,0","(2)","Psikolog","·","QPH2+8Q","Tutup","· Buka Sen pukul 08.00","","","","Rute","","","","",""
"https://www.google.com/maps/place/Lembaga+Psikologi+Lentera+Saintika+Padang/data=!4m7!3m6!1s0x2fd4b98b24962a09:0xd278658f741dbe2c!8m2!3d-0.8842887!4d100.3505695!16s%2Fg%2F11sf1d840r!19sChIJCSqWJIu51C8RLL4ddI9leNI?authuser=0&hl=id&rclk=1","Lembaga Psikologi Lentera Saintika Padang","5,0","(56)","Psikolog","·","Kampus (UNSYKA 2, Jl. Prof. Dr. Hamka No.141","Tutup","·","0895-6000-20818","https://www.instagram.com/lentera_saintika/","","Situs Web","","Rute","https://ssl.gstatic.com/local/servicebusiness/default_user.png","""Sangat bagus dan nyaman untuk konsultasi""","· Buka Sen pukul 09.00"
"https://www.google.com/maps/place/Psikoplus+Consulting/data=!4m7!3m6!1s0x30312fc8cc1f1e47:0x434d3d62a27a59c0!8m2!3d3.5724916!4d98.6431515!16s%2Fg%2F11c5gzmyc0!19sChIJRx4fzMgvMTARwFl6omI9TUM?authuser=0&hl=id&rclk=1","Psikoplus Consulting","4,7","(40)","Konsultan Sumber Daya Manusia","·","·","Tutup","Komplek Setia Budi Business Point, BB No.2","0851-0550-7177","https://psikoplusconsulting.com/","","Situs Web","","Rute","https://ssl.gstatic.com/local/servicebusiness/default_user.png","""Bagus pelayanannya 👍👍""","· Buka Sen pukul 08.00"
"https://www.google.com/maps/place/Praktek+Psikiater+%2F+Spesialis+Jiwa+dr+Silvana+br+Ginting+Sp.KJ/data=!4m7!3m6!1s0x303101004a3b7635:0x94402f36813b8368!8m2!3d3.1067808!4d98.4997507!16s%2Fg%2F11vlxfjyhm!19sChIJNXY7SgABMTARaIM7gTYvQJQ?authuser=0&hl=id&rclk=1","Praktek Psikiater / Spesialis Jiwa dr Silvana br Ginting Sp.KJ","","","Konsultan Kesehatan","·","komplek milala mas Kabanjahe, Jl. Letjen Jamin Ginting No.38 a","","","","","","Rute","","","","",""
"https://www.google.com/maps/place/Praktek+Psikologi/data=!4m7!3m6!1s0x2df146df45849e9d:0x2275962763b678e3!8m2!3d-1.2744238!4d116.8447948!16s%2Fg%2F11j8ldl59q!19sChIJnZ6ERd9G8S0R43i2YyeWdSI?authuser=0&hl=id&rclk=1","Praktek Psikologi","","","Klinik Medis","·","PRGV+6WM, Jl. Blora II","","","","","","Rute","","","","",""
"https://www.google.com/maps/place/Karakter+Bina+Insani+%28Biro+Psikologi+Karakter%29,+Balikpapan/data=!4m7!3m6!1s0x2df1471fc54646d3:0xc92d3e4c97d0cfb4!8m2!3d-1.2692328!4d116.8427979!16s%2Fg%2F11cncc62gz!19sChIJ00ZGxR9H8S0RtM_Ql0w-Lck?authuser=0&hl=id&rclk=1","Karakter Bina Insani (Biro Psikologi Karakter), Balikpapan","4,7","(9)","Psikolog","·","·","Tutup","Jl. Mayjend Sutoyo Jl. Bukit Sion No.99, RT.48","0813-5277-7270","https://www.instagram.com/karakterbinainsani/","","Situs Web","","Rute","","","· Buka Sen pukul 08.00"
"https://www.google.com/maps/place/Klinik+Konseling+%22+Zuraidah,+S.+Pd.,+M.Psi.,+Konselor.+CHt+%22/data=!4m7!3m6!1s0x303131003496fed5:0xdcaa525582d89ec9!8m2!3d3.5705572!4d98.6950433!16s%2Fg%2F11lyxk_f0d!19sChIJ1f6WNAAxMTARyZ7YglVSqtw?authuser=0&hl=id&rclk=1","Klinik Konseling "" Zuraidah, S. Pd., M.Psi., Konselor. CHt ""","5,0","(1)","Konselor kesehatan","·","Jl. Tenis No.15","Tutup","· Buka Sen pukul 17.00","0812-6036-5659","","","Rute","","","","","·"
"https://www.google.com/maps/place/Praktik+Mandiri+Psikolog+Agus+Prayetno/data=!4m7!3m6!1s0x303271f067b4bf5d:0x3050d27483b210af!8m2!3d2.5827569!4d99.646853!16s%2Fg%2F11vj99l0d6!19sChIJXb-0Z_BxMjARrxCyg3TSUDA?authuser=0&hl=id&rclk=1","Praktik Mandiri Psikolog Agus Prayetno","","","Psikolog","","·","Tutup","· Buka Sen pukul 12.00","0823-7070-9584","","","Rute","","","","",""
"https://www.google.com/maps/place/Biro+Konsultasi+Psikologi+Ekspresi/data=!4m7!3m6!1s0x303131e435ec922b:0x6f2793e0945dc896!8m2!3d3.6094394!4d98.6629001!16s%2Fg%2F11sgkz22xb!19sChIJK5LsNeQxMTARlshdlOCTJ28?authuser=0&hl=id&rclk=1","Biro Konsultasi Psikologi Ekspresi","","","Psikolog","·","Jl. Karya Dame No.25 B","Tutup","· Buka Sen pukul 08.00","0811-6312-266","","","Rute","","","","","·"
"https://www.google.com/maps/place/Klnik+Psikiater/data=!4m7!3m6!1s0x30312e2fe7c471c3:0x313bbb12bcea07e7!8m2!3d3.5894446!4d98.6497003!16s%2Fg%2F1hm3mphd_!19sChIJw3HE5y8uMTAR5wfqvBK7OzE?authuser=0&hl=id&rclk=1","Klnik Psikiater","","","Psikoterapis","·","HJQX+QVG","","","","","","Rute","","","","",""
"https://www.google.com/maps/place/Hipnoterapi+Medan+%28Sertifikasi+AWGI%29+-+Indra+Gunawan+CHt/data=!4m7!3m6!1s0x3031318cc0fd863f:0xdc527385365d82bf!8m2!3d3.5823756!4d98.6616873!16s%2Fg%2F11lgql91c3!19sChIJP4b9wIwxMTARv4JdNoVzUtw?authuser=0&hl=id&rclk=1","Hipnoterapi Medan (Sertifikasi AWGI) - Indra Gunawan CHt","5,0","(36)","Layanan Hipnoterapi","·","Jl. Kangkung No.12B","Tutup","·","0822-8755-8500","http://www.hipnoterapisindonesia.com/","","Situs Web","","Rute","https://ssl.gstatic.com/local/servicebusiness/default_user.png","""Terapi terbaik untuk mengatasi anxiety""","· Buka pukul 13.00"
"https://www.google.com/maps/place/Yulfa+islaini,S.Psi,M.Psi+Psikolog+Klinis/data=!4m7!3m6!1s0x30377300195ad9bd:0xd2cd73d673fbb5ec!8m2!3d4.2655857!4d98.0683627!16s%2Fg%2F11xcxzcwwh!19sChIJvdlaGQBzNzAR7LX7c9ZzzdI?authuser=0&hl=id&rclk=1","Yulfa islaini,S.Psi,M.Psi Psikolog Klinis","3,7","(3)","Psikolog","·","7389+68","Tutup","· Buka Sen pukul 05.00","","","","Rute","","","https://ssl.gstatic.com/local/servicebusiness/default_user.png","""Konsultasi dan pemeriksaan",""
"https://www.google.com/maps/place/Psikolab+Mall+Pelayanan+Publik+%28Tes+Psikologi%29/data=!4m7!3m6!1s0x303131006a1391ad:0xb03f803fdd5dee2f!8m2!3d3.5803625!4d98.6608594!16s%2Fg%2F11npx92p7f!19sChIJrZETagAxMTARL-5d3T-AP7A?authuser=0&hl=id&rclk=1","Psikolab Mall Pelayanan Publik (Tes Psikologi)","","","Psikoterapis","·","HMJ6+48X","Tutup","· Buka Sen pukul 08.00","","","","Rute","","","","",""
"https://www.google.com/maps/place/YOUNG+GENERATION+CENTER+%28+Layanan+Psikologi+dan+Terapi+Tumbuh+Kembang+Anak%29/data=!4m7!3m6!1s0x2df1470020c33455:0xc06a48408e2eaf3e!8m2!3d-1.2386935!4d116.8526348!16s%2Fg%2F11ym2vbjq2!19sChIJVTTDIABH8S0RPq8ujkBIasA?authuser=0&hl=id&rclk=1","YOUNG GENERATION CENTER ( Layanan Psikologi dan Terapi Tumbuh Kembang Anak)","4,9","(16)","Psikolog Anak","·","QV63+G3C, Jl. DI. Panjaitan","Tutup","·","0851-3888-2995","https://www.instagram.com/younggeneration.center?igsh=MW16cWc3bGlpbTRzdQ==","","Situs Web","","Rute","https://ssl.gstatic.com/local/servicebusiness/default_user.png","""Terapis ramah,sabar,pelayanan bagus.""","· Buka Sen pukul 09.00"
"https://www.google.com/maps/place/Propsychology+Psikologi+dan+Kesehatan+SIM+Balikpapan/data=!4m7!3m6!1s0x2df147ebcd0ca231:0x658faddca716090e!8m2!3d-1.277651!4d116.8349252!16s%2Fg%2F11tcwrxcv6!19sChIJMaIMzetH8S0RDgkWp9ytj2U?authuser=0&hl=id&rclk=1","Propsychology Psikologi dan Kesehatan SIM Balikpapan","5,0","(1)","Psikolog","·","Jl. Jenderal Sudirman, Ruko Bandar","Tutup","· Buka Sen pukul 07.30","0812-7076-1840","","","Rute","","","https://ssl.gstatic.com/local/servicebusiness/default_user.png","""Pelayanannya ramah""","·"
"https://www.google.com/maps/place/RSJ+Bina+Karsa+Tuntungan/data=!4m7!3m6!1s0x3031273df23969e1:0x80895e93e2aeb2!8m2!3d3.4871184!4d98.5706285!16s%2Fg%2F11jvnnz7z_!19sChIJ4Wk58j0nMTARsq7ik16JgAA?authuser=0&hl=id&rclk=1","RSJ Bina Karsa Tuntungan","4,6","(14)","Rumah Sakit Jiwa","·","FHPC+R7R, Jalan Tuntungan 1 Desa I","","","0813-7554-8042","https://rsjbinakarsatuntungan.co.id/","","Situs Web","","Rute","https://ssl.gstatic.com/local/servicebusiness/default_user.png","""Cuma sesi konseling ga bisa lama karena antri dengan pasien yang lain.""",""
"https://www.google.com/maps/place/Ikatan+Psikologi+Klinis+%28IPK%29/data=!4m7!3m6!1s0x30313221be6ef265:0xf43b0139236a8fe5!8m2!3d3.6240914!4d98.6837885!16s%2Fg%2F1pzvhjs44!19sChIJZfJuviEyMTAR5Y9qIzkBO_Q?authuser=0&hl=id&rclk=1","Ikatan Psikologi Klinis (IPK)","","","Psikiater","·","JL Sido Damai, No. 61, Pulo Brayan Darat II, Komplek Pemda","","","0815-3311-8216","","","Rute","","","","",""
"https://www.google.com/maps/place/Yayasan+Psikologi+Clarinta/data=!4m7!3m6!1s0x2df14956057b3557:0x31dcd515057174aa!8m2!3d-1.2216657!4d116.8426905!16s%2Fg%2F11nmrg8jwc!19sChIJVzV7BVZJ8S0RqnRxBRXV3DE?authuser=0&hl=id&rclk=1","Yayasan Psikologi Clarinta","5,0","(2)","Psikolog","·","belakang pool bis pulau indah, Pondok Anggun Kencana No.KM 3, RT.19/RW.no.86","Tutup","· Buka Sen pukul 08.00","0813-4739-8169","","","Rute","","","","","·"
"https://www.google.com/maps/place/Psiko+Fam+Konsultan+Psikologi/data=!4m7!3m6!1s0x30312e1b7851d407:0x35bf48a983fdc9dc!8m2!3d3.608338!4d98.654001!16s%2Fg%2F1pzvcxtwy!19sChIJB9RReBsuMTAR3Mn9g6lIvzU?authuser=0&hl=id&rclk=1","Psiko Fam Konsultan Psikologi","","","Psikiater","·","JL. T Amir Hamzah, No. B7, Ruko Griya Riatur Indah","","","(061) 77725809","","","Rute","","","","",""
"https://www.google.com/maps/place/Psikologi+SIM+Arka+Trans+Psikologi/data=!4m7!3m6!1s0x2df147774b5506c1:0xba7b9d23c32e0eca!8m2!3d-1.277651!4d116.8349252!16s%2Fg%2F11qrkklsnq!19sChIJwQZVS3dH8S0Ryg4uwyOde7o?authuser=0&hl=id&rclk=1","Psikologi SIM Arka Trans Psikologi","4,7","(6)","Psikolog","·","PRCM+WXM, Jl. Jenderal Sudirman, Ruko Bandar Kecamatan","Tutup","·","0811-5403-211","http://www.simonline.arkatranspsikologi.co.id/","","Situs Web","","Rute","","","· Buka Sen pukul 07.30"
"https://www.google.com/maps/place/Yayasan+Psikologi+Clarinta,+Klinik+Psikologi+Anak+dan+Keluarga+%28ABK%29/data=!4m7!3m6!1s0x2df147a47b6be1bd:0xac3efb067b4f3aca!8m2!3d-1.2216505!4d116.8428112!16s%2Fg%2F11fcmvnsxy!19sChIJveFre6RH8S0RyjpPewb7Pqw?authuser=0&hl=id&rclk=1","Yayasan Psikologi Clarinta, Klinik Psikologi Anak dan Keluarga (ABK)","4,3","(6)","Psikolog","·","Pondok Anggun Kencana No.86, RT.09","Tutup","· Buka Sen pukul 08.00","0813-4739-8169","","","Rute","","","","","·"
"https://www.google.com/maps/place/Accurate+Health+Center+Medan/data=!4m7!3m6!1s0x10115002ec6c0bfd:0x47bfbe0ac45f130!8m2!3d3.5828768!4d98.6947684!16s%2Fg%2F11b7hjrj49!19sChIJ_Qts7AJQERARMPFFrOD7ewQ?authuser=0&hl=id&rclk=1","Accurate Health Center Medan","4,8","(882)","Psikolog","·","Jl. Tilak No.76","Tutup","·","0811-6104-849","http://accuratehealth.blogspot.com/","","Situs Web","","Rute","https://ssl.gstatic.com/local/servicebusiness/default_user.png","""Terapisnya psikolognya ramah, enak diajak konsultasi""","· Buka Sen pukul 11.00"
"https://www.google.com/maps/place/EPIC+KIDS+%26+CONSULTING/data=!4m7!3m6!1s0x303185d9dcca9e0d:0xe41537e8e66b9285!8m2!3d2.9424979!4d99.0734329!16s%2Fg%2F11fmnq3275!19sChIJDZ7K3NmFMTARhZJr5ug3FeQ?authuser=0&hl=id&rclk=1","EPIC KIDS & CONSULTING","","","Sekolah Pendidikan Khusus","·","Jl. Melanton Siregar Gg. Sipahutar No.1b","Tutup","·","0822-7793-1338","https://www.facebook.com/generasi.epic","","Situs Web","","Rute","","","· Buka Sen pukul 08.00"
"https://www.google.com/maps/place/Serenity+Konsultan+Psikologi/data=!4m7!3m6!1s0x3037750022ebc8ab:0xe7a83c9ae388a88d!8m2!3d4.2944928!4d98.0489061!16s%2Fg%2F11y54dp2fj!19sChIJq8jrIgB1NzARjaiI45o8qOc?authuser=0&hl=id&rclk=1","Serenity Konsultan Psikologi","5,0","(3)","Psikolog","·","72VX+QH Klinik Salwa, Jl. Medan - Banda Aceh","Tutup","·","0821-3533-2929","https://serenitypsikologi.com/","","Situs Web","","Rute","","Layanan di tempat","· Buka Sen pukul 17.30"
"https://www.google.com/maps/place/Praktek+psikolog+klinis+Yulfa/data=!4m7!3m6!1s0x303775003ab8d275:0x9dce88154d985ee!8m2!3d4.3248222!4d98.0931058!16s%2Fg%2F11xdr36ksn!19sChIJddK4OgB1NzAR7oXZVIHo3Ak?authuser=0&hl=id&rclk=1","Praktek psikolog klinis Yulfa","5,0","(1)","Psikolog","·","Dusun Jawa","Tutup","· Buka Sen pukul 17.00","","","","Rute","","","","",""
"https://www.google.com/maps/place/KONSULTASI+PSIKOLOGI+TALENTAPARAMITA/data=!4m7!3m6!1s0x2fd4b90930d916ff:0xb7537bdf8ad1b5f9!8m2!3d-0.9355379!4d100.3751303!16s%2Fg%2F11qbrx9lyq!19sChIJ_xbZMAm51C8R-bXRit97U7c?authuser=0&hl=id&rclk=1","KONSULTASI PSIKOLOGI TALENTAPARAMITA","5,0","(1)","Psikoterapis","·","Polamas, Jl. Andalas No.P6","","","0811-661-553","","","Rute","","","","",""
"https://www.google.com/maps/place/Lembaga+Psikologi+Terapan+Propsychology/data=!4m7!3m6!1s0x2fd4b937aaaaaaab:0x4eb99a85e924f41b!8m2!3d-0.9125827!4d100.3505834!16s%2Fg%2F11dylzqh52!19sChIJq6qqqje51C8RG_Qk6YWauU4?authuser=0&hl=id&rclk=1","Lembaga Psikologi Terapan Propsychology","4,0","(2)","Psikolog","·","Komplek, Asratek Jl. Jakarta No.1","Tutup","·","0812-7027-7084","https://propsychologyconsultant.com/","","Situs Web","","Rute","","","· Buka Sen pukul 08.00"
"https://www.google.com/maps/place/Lembaga+Psikologi+Dwi+Dharma/data=!4m7!3m6!1s0x2fd4b8b54e61d0fd:0xc1a6ce04c86766bf!8m2!3d-0.9084096!4d100.3501024!16s%2Fg%2F1hc2502vg!19sChIJ_dBhTrW41C8Rv2ZnyATOpsE?authuser=0&hl=id&rclk=1","Lembaga Psikologi Dwi Dharma","3,4","(8)","Psikolog","·","Jl. S. Parman","Tutup","· Buka Sen pukul 09.00","(0751) 446823","","","Rute","","","","","·"
"https://www.google.com/maps/place/Multi+Talent+Psikologi+CV/data=!4m7!3m6!1s0x303130eb949b5725:0xbc47d35c5a712cc!8m2!3d3.5613629!4d98.7204695!16s%2Fg%2F11bc7rxlh1!19sChIJJVeblOswMTARzBKnxTV9xAs?authuser=0&hl=id&rclk=1","Multi Talent Psikologi CV","","","Psikolog","·","Jalan Panglima Denai Gang BI No 2 Kota Mdan","Tutup","· Buka Sen pukul 08.00","0821-6868-4848","","","Rute","","","","","·"
"https://www.google.com/maps/place/Praktik+Psikolog+Dwi+Ningsih+Ariani,+M.Psi.,+Psikolog/data=!4m7!3m6!1s0x2fd549bc87ecb07b:0xb62d774e8de5feb3!8m2!3d-6.2313275!4d106.716234!16s%2Fg%2F11qqfg7n0l!19sChIJe7Dsh7xJ1S8Rs_7ljU53LbY?authuser=0&hl=id&rclk=1","Praktik Psikolog Dwi Ningsih Ariani, M.Psi., Psikolog","5,0","(1)","Psikolog","","·","Tutup","","0821-2553-2562","http://msha.ke/dwiningsih_a","","Situs Web","","Rute","https://ssl.gstatic.com/local/servicebusiness/default_user.png","""Terimakasih miss dwi""","· Buka Sen pukul 10.00"
"https://www.google.com/maps/place/Klinik+Anak+SPC/data=!4m7!3m6!1s0x30313bec5b0223af:0xc7f6f97603bf27d4!8m2!3d3.5353054!4d98.6622825!16s%2Fg%2F11kjh5g64r!19sChIJryMCW-w7MTAR1Ce_A3b59sc?authuser=0&hl=id&rclk=1","Klinik Anak SPC","4,8","(440)","Dokter Anak","·","Jl. Karya Wisata Blk. C No.42 - 43","","","0852-6079-4996","","","Rute","","","https://ssl.gstatic.com/local/servicebusiness/default_user.png","""Dokter nya jg informatif dan mendengarkan keluhan pasien.""",""
"https://www.google.com/maps/place/Praktik+Psikolog/data=!4m7!3m6!1s0x2df04763b88cc8a7:0xb74869be3538f451!8m2!3d-1.8856627!4d116.1923877!16s%2Fg%2F11r_chf1l1!19sChIJp8iMuGNH8C0RUfQ4Nb5pSLc?authuser=0&hl=id&rclk=1","Praktik Psikolog","5,0","(5)","Psikolog","·","Jl. DI. Panjaitan, RT.017/RW.004","Buka","·","0822-3143-2134","http://www.harmonihati.com/","","Situs Web","","Rute","https://ssl.gstatic.com/local/servicebusiness/default_user.png","""masyaAllah jd teman curhat yg paling mengerti dan memahami""","· Tutup pukul 16.00"
"https://www.google.com/maps/place/Terapi+dan+Konsultasi+Psikologi/data=!4m7!3m6!1s0x2e68b1448bfa036f:0x6a06ff6e9e5d01c4!8m2!3d-7.1911032!4d107.8869553!16s%2Fg%2F11j4z0yqry!19sChIJbwP6i0SxaC4RxAFdnm7_Bmo?authuser=0&hl=id&rclk=1","Terapi dan Konsultasi Psikologi","4,9","(99)","Psikolog","·","Jl. Otista","Buka","·","0852-4516-2629","https://www.wahanabahagia.com/","","Situs Web","","Rute","https://ssl.gstatic.com/local/servicebusiness/default_user.png","""Setelah konsultasi dan therapy saya merasa lebih baik dr sblmnya🙏💯""","· Tutup pukul 17.00"
"https://www.google.com/maps/place/golden+star+therapy/data=!4m7!3m6!1s0x303131efcc4369ad:0x27fce7042f876ff0!8m2!3d3.6041823!4d98.6621048!16s%2Fg%2F11f01tjrm5!19sChIJrWlDzO8xMTAR8G-HLwTn_Cc?authuser=0&hl=id&rclk=1","golden star therapy","5,0","(82)","Klinik Terapi Fisik","·","·","Tutup","Jl. Mesjid No.31","0812-6287-5588","https://goldenstarmedan.blogspot.co.id/","","Situs Web","","Rute","https://ssl.gstatic.com/local/servicebusiness/default_user.png","""Berasa aman dan nyaman mempercayakan anak kami di-terapi di sini.""","· Buka Sen pukul 09.00"
"https://www.google.com/maps/place/EBALE+PUCIN%28tohuzisochi%29/data=!4m7!3m6!1s0x303131d9d80dd2f5:0x564a190d8fc07f8c!8m2!3d3.5872944!4d98.7253348!16s%2Fg%2F11h7fmxhr2!19sChIJ9dIN2NkxMTARjH_Ajw0ZSlY?authuser=0&hl=id&rclk=1","EBALE PUCIN(tohuzisochi)","","","Rumah Sakit Jiwa","·","HPPG+W48, Jl. Sriti 2","","","","","","Rute","","","","",""
"","","","","","","","","","","","","","","","","",""